Workbook

Sheet Dados
B2: FUNDO | C2: CNPJ | D2: Código Anbima
B3: Geraes | C3: 09.720.734/0001-10 | D3: 216658 | G3: capitania | K3: Ativo: | L3: FIDC
B4: ARX Denali | C4: 41.888.219/0001-56 | D4: 634468 | H4: arx
B5: Capitania Top | C5: 13.615.411/0001-33 | D5: 284491 | I5: FIDC | K5: Vai aparecer | L5: capitania
B6: Riza Lotus | C6: 36.498.670/0001-27 | D6: 531553 | I6: FIDC | L6: a partir do dia que o fundo que ela investiu teve o ativo
B7: Western Asset Total | C7: 28.320.756/0001-37 | D7: 489956 | H7: riza
B8: Daycoval Classic | C8: 10.783.480/0001-68 | D8: 259624 | I8: Debenture
B9: Iridium Apollo | C9: 26.978.438/0001-32 | D9: 456497 | H9: western
B10: Porto Seguro FIRF | C10: 18.719.154/0001-01 | D10: 361445 | I10: ação
B11: Nu Reserva Imediata | C11: 42.699.466/0001-77 | D11: 635091
B12: Inter Conservador | C12: 20.879.578/0001-77 | D12: 387444
B13: Absolute Atenas | C13: 48.096.589/0001-08 | D13: 677930
B14: Geraes 30 | C14: 29.044.189/0001-04 | D14: 462276
B15: Daycoval Classic 30 | C15: 29.250.121/0001-73 | D15: 470473
B16: Riza Lotus Plus | C16: 43.917.493/0001-31 | D16: 620955
B17: ARX Vinson Advisory | C17: 41.888.492/0001-80 | D17: 601462
B18: Sparta Max Advisory | C18: 32.757.330/0001-12 | D18: 493831
B19: Polo Crédito Corporativo | C19: 31.455.879/0001-90 | D19: 478008
B20: Iridium Titan Advisory | C20: 32.756.812/0001-58 | D20: 494607
B21: Porto Seguro Ipê | C21: 35.378.376/0001-19 | D21: 523666
B22: Sparta Top Advisory | C22: 32.846.811/0001-02 | D22: 494089
... B28: Absolute Olimpia | C28: 48.986.106/0001-32 | D28: 687138

Sheet Abr26
C2: LEGENDA: | H2: Fundo D+1 | I2: PL | J2: Caixa | L2: Bancários | N2: Corporativo | P2: FIDC | R2: FII | T2: Outros | W2: Obs: | Y2: Δ Caixa | Z2: Δ Bancários | AA2: Δ Corporativo | AB2: Δ FIDC | AC2: Δ FII | AE2: Δ Caixa | AF2: Δ Bancários | AG2: Δ Corporativo | AH2: Δ FIDC | AI2: Δ FII | AK2: Var. PL | AL2: % | AO2: LEGENDA:
B3: Bancário | C3: Corporativo | D3: Caixa | F3: =J3+L3+N3+P3+R3+T3 -> 1 | H3: Geraes | I3: 5.4246401e+08 | J3: 0.5608 | K3: =+J3*$I3 -> 3.0421382e+08 | L3: 0.2202 | M3: =+L3*$I3 -> 1.1945058e+08 | N3: 0.1751 | O3: =+N3*$I3 -> 94985448 | P3: 0.0446 | Q3: =+P3*$I3 -> 24193895 | R3: 0 | S3: =+R3*$I3 -> 0 | T3: -0.0007 | U3: =+T3*$I3 -> -379724.81 | Y3: =K3-'Mar26'!K3 -> -2014419.8 | Z3: =M3-'Mar26'!M3 -> -4343818.5 | AA3: =O3-'Mar26'!O3 -> -4417607.4 | AB3: =Q3-'Mar26'!Q3 -> -4039914.2 | AC3: =+S3-'Mar26'!S3 -> 0 | AE3: =J3-'Mar26'!J3 -> 0.0109 | AF3: =L3-'Mar26'!L3 -> -0.0021 | AG3: =N3-'Mar26'!N3 -> -0.0034 | AH3: =P3-'Mar26'!P3 -> -0.0061 | AI3: =R3-'Mar26'!R3 -> 0 | AK3: =I3-'Mar26'!I3 -> -14415853 | AL3: =I3/'Mar26'!I3-1 -> -0.025886828 | AN3: Bancário: | AO3: Corporativo | AP3: Caixa
B4: CDB | C4: Debênture | D4: Compromissada | F4: =J4+L4+N4+P4+R4+T4 -> 1 | H4: ARX Denali | I4: 1607596557 | J4: 0.35 | K4: 5.6265879e+08 | L4: 0.24 | M4: 3.8582317e+08 | N4: 0.26 | O4: 4.179751e+08 | P4: 0.15 | Q4: 2.4113948e+08 | R4: 0 | S4: 0 | T4: 0 | U4: =+T4*$I4 -> 0 | Y4: =K4-'Mar26'!K4 -> -20177685 | Z4: =M4-'Mar26'!M4 -> -21062671 | AA4: =O4-'Mar26'!O4 -> -5406111.7 | AB4: =Q4-'Mar26'!Q4 -> 4705817.2 | AC4: =+S4-'Mar26'!S4 -> 0 | AE4: =J4-'Mar26'!J4 -> -0.0033333333 | AF4: =L4-'Mar26'!L4 -> -0.0066666667 | AG4: =N4-'Mar26'!N4 -> 0.0033333333 | AH4: =P4-'Mar26'!P4 -> 0.0066666667 | AI4: =R4-'Mar26'!R4 -> 0 | AK4: =I4-'Mar26'!I4 -> -41940650 | AL4: =I4/'Mar26'!I4-1 -> -0.025425707 | AN4: CDB | AO4: Debênture | AP4: Compromissada
B5: LF | C5: CRI | D5: Título Público | F5: =J5+L5+N5+P5+R5+T5 -> 1 | H5: Capitania Top | I5: 2.0536276e+08 | J5: 0.45 | K5: =+J5*$I5 -> 92413242 | L5: 0 | M5: =+L5*$I5 -> 0 | N5: 0.39 | O5: =+N5*$I5 -> 80091476 | P5: 0.04 | Q5: =+P5*$I5 -> 8214510.4 | R5: 0.12 | S5: =+R5*$I5 -> 24643531 | T5: 0 | U5: =+T5*$I5 -> 0 | Y5: =K5-'Mar26'!K5 -> -18375939 | Z5: =M5-'Mar26'!M5 -> 0 | AA5: =O5-'Mar26'!O5 -> 9019171.4 | AB5: =Q5-'Mar26'!Q5 -> 1943424.7 | AC5: =+S5-'Mar26'!S5 -> 3739912.1 | AE5: =J5-'Mar26'!J5 -> -0.08 | AF5: =L5-'Mar26'!L5 -> 0 | AG5: =N5-'Mar26'!N5 -> 0.05 | AH5: =P5-'Mar26'!P5 -> 0.01 | AI5: =R5-'Mar26'!R5 -> 0.02 | AK5: =I5-'Mar26'!I5 -> -3673431 | AL5: =I5/'Mar26'!I5-1 -> -0.017573182 | AN5: LF | AO5: CRI | AP5: Título Público
B6: LFSN | C6: CRA | F6: =J6+L6+N6+P6+R6+T6 -> 1 | H6: Riza Lotus | I6: 3815745000 | J6: 0.256 | K6: =+J6*$I6 -> 976830720 | L6: 0.265 | M6: =+L6*$I6 -> 1011172425 | N6: 0.384 | O6: =+N6*$I6 -> 1465246080 | P6: 0.072 | Q6: =+P6*$I6 -> 274733640 | R6: 0 | S6: =+R6*$I6 -> 0 | T6: 0.023 | U6: =+T6*$I6 -> 87762135 | Y6: =K6-'Mar26'!K6 -> 79384042 | Z6: =M6-'Mar26'!M6 -> -9.571214e+08 | AA6: =O6-'Mar26'!O6 -> 1.3760741e+08 | AB6: =Q6-'Mar26'!Q6 -> 2.5355496e+08 | AC6: =+S6-'Mar26'!S6 -> 4.2357365e+08 | AE6: =J6-'Mar26'!J6 -> 0.038 | AF6: =L6-'Mar26'!L6 -> -0.024666667 | AG6: =N6-'Mar26'!N6 -> -0.013666667 | AH6: =P6-'Mar26'!P6 -> 0.0026666667 | AI6: =R6-'Mar26'!R6 -> 0 | AK6: =I6-'Mar26'!I6 -> -155258000 | AL6: =I6/'Mar26'!I6-1 -> -0.039097931 | AN6: LFSN | AO6: CRA
B7: LFSC | C7: Nota Promissória | F7: =J7+L7+N7+P7+R7+T7 -> 1 | H7: Western Asset Total | I7: 3644190000 | J7: 0.225 | K7: =+J7*$I7 -> 819942750 | L7: 0.309 | M7: =+L7*$I7 -> 1126054710 | N7: 0.308 | O7: =+N7*$I7 -> 1122410520 | P7: 0.158 | Q7: =+P7*$I7 -> 575782020 | R7: 0 | S7: =+R7*$I7 -> 0 | T7: 0 | U7: =+T7*$I7 -> 0 | Y7: =K7-'Mar26'!K7 -> -81096530 | Z7: =M7-'Mar26'!M7 -> -140060830 | AA7: =O7-'Mar26'!O7 -> -66029220 | AB7: =Q7-'Mar26'!Q7 -> 47586580 | AC7: =+S7-'Mar26'!S7 -> 0 | AE7: =J7-'Mar26'!J7 -> -0.007 | AF7: =L7-'Mar26'!L7 -> -0.017 | AG7: =N7-'Mar26'!N7 -> 0.002 | AH7: =P7-'Mar26'!P7 -> 0.022 | AI7: =R7-'Mar26'!R7 -> 0 | AK7: =I7-'Mar26'!I7 -> -239600000 | AL7: =I7/'Mar26'!I7-1 -> -0.061692316 | AN7: LFSC | AO7: Nota Promissória
B8: DPGE | F8: =J8+L8+N8+P8+R8+T8 -> 1 | H8: Daycoval Classic | I8: 2.4429551e+08 | J8: 0.13 | K8: =+J8*$I8 -> 31758417 | L8: 0.4 | M8: =+L8*$I8 -> 97718205 | N8: 0.25 | O8: =+N8*$I8 -> 61073878 | P8: 0.09 | Q8: =+P8*$I8 -> 21986596 | R8: 0 | S8: =+R8*$I8 -> 0 | T8: 0.13 | U8: =+T8*$I8 -> 31758417 | Y8: =K8-'Mar26'!K8 -> -7653.1325 | Z8: =M8-'Mar26'!M8 -> -12241267 | AA8: =O8-'Mar26'!O8 -> 7315913.9 | AB8: =Q8-'Mar26'!Q8 -> 2438245.5 | AC8: =+S8-'Mar26'!S8 -> 0 | AE8: =J8-'Mar26'!J8 -> 0 | AF8: =L8-'Mar26'!L8 -> -0.05 | AG8: =N8-'Mar26'!N8 -> 0.03 | AH8: =P8-'Mar26'!P8 -> 0.01 | AI8: =R8-'Mar26'!R8 -> 0 | AK8: =I8-'Mar26'!I8 -> -58870.25 | AL8: =I8/'Mar26'!I8-1 -> -0.00024092161 | AN8: DPGE
F9: =J9+L9+N9+P9+R9+T9 -> 1 | H9: Iridium Apollo | I9: 1396112809 | J9: 0.5834 | K9: =+J9*$I9 -> 8.1449221e+08 | L9: 0.1777 | M9: =+L9*$I9 -> 2.4808925e+08 | N9: 0.176 | O9: =+N9*$I9 -> 2.4571585e+08 | P9: 0.0507 | Q9: =+P9*$I9 -> 70782919 | R9: 0 | S9: =+R9*$I9 -> 0 | T9: 0.0122 | U9: =+T9*$I9 -> 17032576 | Y9: =K9-'Mar26'!K9 -> -39611308 | Z9: =M9-'Mar26'!M9 -> 2729640 | AA9: =O9-'Mar26'!O9 -> 1215651.4 | AB9: =Q9-'Mar26'!Q9 -> -547544.01 | AC9: =+S9-'Mar26'!S9 -> 0 | AE9: =J9-'Mar26'!J9 -> -0.0129 | AF9: =L9-'Mar26'!L9 -> 0.0064 | AG9: =N9-'Mar26'!N9 -> 0.0053 | AH9: =P9-'Mar26'!P9 -> 0.0009 | AI9: =R9-'Mar26'!R9 -> 0 | AK9: =I9-'Mar26'!I9 -> -36225814 | AL9: =I9/'Mar26'!I9-1 -> -0.025291376
F10: =J10+L10+N10+P10+R10+T10 -> 1 | H10: Porto Seguro FIRF | I10: 6.908158e+09 | J10: 0.312 | K10: =+J10*$I10 -> 2.1553453e+09 | L10: 0.361 | M10: =+L10*$I10 -> 2.493845e+09 | N10: =24.7%+1.6% -> 0.263 | O10: =+N10*$I10 -> 1.8168455e+09 | P10: 0.064 | Q10: =+P10*$I10 -> 4.4212211e+08 | R10: 0 | S10: =+R10*$I10 -> 0 | T10: 0 | U10: =+T10*$I10 -> 0 | Y10: =K10-'Mar26'!K10 -> -6.0949075e+08 | Z10: =M10-'Mar26'!M10 -> -2.1022538e+08 | AA10: =O10-'Mar26'!O10 -> 1.0781228e+08 | AB10: =Q10-'Mar26'!Q10 -> 24358424 | AC10: =+S10-'Mar26'!S10 -> 0 | AE10: =J10-'Mar26'!J10 -> -0.052 | AF10: =L10-'Mar26'!L10 -> 0.005 | AG10: =N10-'Mar26'!N10 -> 0.038 | AH10: =P10-'Mar26'!P10 -> 0.009 | AI10: =R10-'Mar26'!R10 -> 0 | AK10: =I10-'Mar26'!I10 -> -6.8754542e+08 | AL10: =I10/'Mar26'!I10-1 -> -0.090517676
F11: =J11+L11+N11+P11+R11+T11 -> 1 | H11: Nu Reserva Imediata | I11: 2.8368773e+09 | J11: 0.59 | K11: =+J11*$I11 -> 1.6737576e+09 | L11: 0.3 | M11: =+L11*$I11 -> 8.5106319e+08 | N11: 0.11 | O11: =+N11*$I11 -> 3.120565e+08 | P11: 0 | Q11: =+P11*$I11 -> 0 | R11: 0 | S11: =+R11*$I11 -> 0 | T11: 0 | U11: =+T11*$I11 -> 0 | Y11: =K11-'Mar26'!K11 -> -1.0289974e+08 | Z11: =M11-'Mar26'!M11 -> 77357571 | AA11: =O11-'Mar26'!O11 -> -3156897.5 | AB11: =Q11-'Mar26'!Q11 -> 0 | AC11: =+S11-'Mar26'!S11 -> 0 | AE11: =J11-'Mar26'!J11 -> -0.03 | AF11: =L11-'Mar26'!L11 -> 0.03 | AG11: =N11-'Mar26'!N11 -> 0 | AH11: =P11-'Mar26'!P11 -> 0 | AI11: =R11-'Mar26'!R11 -> 0 | AK11: =I11-'Mar26'!I11 -> -28699068 | AL11: =I11/'Mar26'!I11-1 -> -0.010015112
B12: Pegar fora da XP: | F12: =J12+L12+N12+P12+R12+T12 -> 1 | H12: Inter Conservador | I12: 1315550000 | J12: 0.304 | K12: =+J12*$I12 -> 399927200 | L12: 0.488 | M12: =+L12*$I12 -> 641988400 | N12: 0.176 | O12: =+N12*$I12 -> 231536800 | P12: 0.032 | Q12: =+P12*$I12 -> 42097600 | R12: 0 | S12: =+R12*$I12 -> 0 | T12: 0 | U12: =+T12*$I12 -> 0 | Y12: =K12-'Mar26'!K12 -> 51099950 | Z12: =M12-'Mar26'!M12 -> -23701850 | AA12: =O12-'Mar26'!O12 -> -108951950 | AB12: =Q12-'Mar26'!Q12 -> 7353850 | AC12: =+S12-'Mar26'!S12 -> 0 | AE12: =J12-'Mar26'!J12 -> 0.053 | AF12: =L12-'Mar26'!L12 -> 0.009 | AG12: =N12-'Mar26'!N12 -> -0.069 | AH12: =P12-'Mar26'!P12 -> 0.007 | AI12: =R12-'Mar26'!R12 -> 0 | AK12: =I12-'Mar26'!I12 -> -74200000 | AL12: =I12/'Mar26'!I12-1 -> -0.053390898
B13: NU Reserva Imediata | F13: =J13+L13+N13+P13+R13+T13 -> 1.01 | H13: Absolute Atenas | I13: 745900000 | J13: 0.42 | K13: =+J13*$I13 -> 313278000 | L13: 0.34 | M13: =+L13*$I13 -> 2.53606e+08 | N13: 0.13 | O13: =+N13*$I13 -> 96967000 | P13: 0.12 | Q13: =+P13*$I13 -> 89508000 | R13: 0 | S13: =+R13*$I13 -> 0 | T13: 0 | U13: =+T13*$I13 -> 0 | Y13: =K13-'Mar26'!K13 -> 265992000 | Z13: =M13-'Mar26'!M13 -> -2.11373e+08 | AA13: =O13-'Mar26'!O13 -> -60653000 | AB13: =Q13-'Mar26'!Q13 -> -28707000 | AC13: =+S13-'Mar26'!S13 -> 0 | AE13: =J13-'Mar26'!J13 -> 0.36 | AF13: =L13-'Mar26'!L13 -> -0.25 | AG13: =N13-'Mar26'!N13 -> -0.07 | AH13: =P13-'Mar26'!P13 -> -0.03 | AI13: =R13-'Mar26'!R13 -> 0 | AK13: =I13-'Mar26'!I13 -> -42200000 | AL13: =I13/'Mar26'!I13-1 -> -0.053546504
B14: JGP Select | F14: =J14+L14+N14+P14+R14+T14 -> 1.0003206 | H14: TOTAL | I14: =SUM(I3:I13) -> 2.3262252e+10 | J14: =K14/$I$14 -> 0.35012165 | K14: =SUM(K3:K13) -> 8.144618e+09 | L14: =M14/$I$14 -> 0.31075284 | M14: =SUM(M3:M13) -> 7.2288109e+09 | N14: =O14/$I$14 -> 0.25556013 | O14: =SUM(O3:O13) -> 5.9449042e+09 | P14: =Q14/$I$14 -> 0.076972805 | Q14: =SUM(Q3:Q13) -> 1.7905608e+09 | R14: =S14/$I$14 -> 0.0010593786 | S14: =SUM(S3:S13) -> 24643531 | T14: =U14/$I$14 -> 0.0058538358 | U14: =SUM(U3:U13) -> 1.361734e+08 | Y14: =K14-'Mar26'!K14 -> -4.7719803e+08 | Z14: =M14-'Mar26'!M14 -> -1.500043e+09 | AA14: =O14-'Mar26'!O14 -> 14355644 | AB14: =Q14-'Mar26'!Q14 -> 3.0864684e+08 | AC14: =+S14-'Mar26'!S14 -> 4.2731357e+08 | AE14: =J14-'Mar26'!J14 -> -0.0005572668 | AF14: =L14-'Mar26'!L14 -> -0.044279672 | AG14: =N14-'Mar26'!N14 -> 0.014344323 | AH14: =P14-'Mar26'!P14 -> 0.016698267 | AI14: =R14-'Mar26'!R14 -> 0.017437354 | AK14: =I14-'Mar26'!I14 -> -1.3238171e+09 | AL14: =I14/'Mar26'!I14-1 -> -0.053844195
B15: Absolute Olimpia
H16: Fundo D+30 | I16: PL | J16: Caixa | L16: Bancários | N16: Corporativo | P16: FIDC | R16: FII | T16: Outros | Y16: Δ Caixa | Z16: Δ Bancários | AA16: Δ Corporativo | AB16: Δ FIDC | AC16: Δ FII | AE16: Δ Caixa | AF16: Δ Bancários | AG16: Δ Corporativo | AH16: Δ FIDC | AI16: Δ FII
F17: =J17+L17+N17+P17+R17+T17 -> 1 | H17: Geraes 30 | I17: 3.146219e+08 | J17: 0.3282 | K17: =+J17*$I17 -> 1.0325891e+08 | L17: 0.2728 | M17: =+L17*$I17 -> 85828853 | N17: 0.2603 | O17: =+N17*$I17 -> 81896080 | P17: 0.0721 | Q17: =+P17*$I17 -> 22684239 | R17: 0 | S17: =+R17*$I17 -> 0 | T17: 0.0666 | U17: =+T17*$I17 -> 20953818 | Y17: =K17-'Mar26'!K17 -> -2668364.3 | Z17: =M17-'Mar26'!M17 -> 642586.66 | AA17: =O17-'Mar26'!O17 -> -3644458.9 | AB17: =Q17-'Mar26'!Q17 -> -1857135.6 | AC17: =+S17-'Mar26'!S17 -> 0 | AE17: =J17-'Mar26'!J17 -> -0.0007 | AF17: =L17-'Mar26'!L17 -> 0.0083 | AG17: =N17-'Mar26'!N17 -> -0.0053 | AH17: =P17-'Mar26'!P17 -> -0.0041 | AI17: =R17-'Mar26'!R17 -> 0 | AK17: =I17-'Mar26'!I17 -> -7443384.1 | AL17: =I17/'Mar26'!I17-1 -> -0.023111414
F18: =J18+L18+N18+P18+R18+T18 -> 1 | H18: Daycoval Classic 30 | I18: 8.6197301e+08 | J18: 0.07 | K18: =+J18*$I18 -> 60338111 | L18: 0.25 | M18: =+L18*$I18 -> 2.1549325e+08 | N18: 0.38 | O18: =+N18*$I18 -> 3.2754974e+08 | P18: 0.18 | Q18: =+P18*$I18 -> 1.5515514e+08 | R18: 0 | S18: =+R18*$I18 -> 0 | T18: 0.12 | U18: =+T18*$I18 -> 1.0343676e+08 | Y18: =K18-'Mar26'!K18 -> -8559112.1 | Z18: =M18-'Mar26'!M18 -> 189431.41 | AA18: =O18-'Mar26'!O18 -> 287935.75 | AB18: =Q18-'Mar26'!Q18 -> 8748543.5 | AC18: =+S18-'Mar26'!S18 -> 0 | AE18: =J18-'Mar26'!J18 -> -0.01 | AF18: =L18-'Mar26'!L18 -> 0 | AG18: =N18-'Mar26'!N18 -> 0 | AH18: =P18-'Mar26'!P18 -> 0.01 | AI18: =R18-'Mar26'!R18 -> 0 | AK18: =I18-'Mar26'!I18 -> 757725.66 | AL18: =I18/'Mar26'!I18-1 -> 0.00087983303
F19: =J19+L19+N19+P19+R19+T19 -> 1 | H19: Riza Lotus Plus | I19: 506423347 | J19: 0.18 | K19: =+J19*$I19 -> 91156202 | L19: 0.185 | M19: =+L19*$I19 -> 93688319 | N19: =43.9%+2.8%+5.1% -> 0.518 | O19: =+N19*$I19 -> 2.6232729e+08 | P19: 0.09 | Q19: =+P19*$I19 -> 45578101 | R19: 0 | S19: =+R19*$I19 -> 0 | T19: 0.027 | U19: =+T19*$I19 -> 13673430 | Y19: =K19-'Mar26'!K19 -> 9562547.4 | Z19: =M19-'Mar26'!M19 -> -4750477.6 | AA19: =O19-'Mar26'!O19 -> -20355240 | AB19: =Q19-'Mar26'!Q19 -> -2325270.5 | AC19: =+S19-'Mar26'!S19 -> 0 | AE19: =J19-'Mar26'!J19 -> 0.025 | AF19: =L19-'Mar26'!L19 -> -0.002 | AG19: =N19-'Mar26'!N19 -> -0.019 | AH19: =P19-'Mar26'!P19 -> -0.001 | AI19: =R19-'Mar26'!R19 -> 0 | AK19: =I19-'Mar26'!I19 -> -19987331 | AL19: =I19/'Mar26'!I19-1 -> -0.037969084
C20: LEGENDA: | F20: =J20+L20+N20+P20+R20+T20 -> 1 | H20: ARX Vinson Advisory | I20: 1264902157 | J20: 0.23 | K20: =+J20*$I20 -> 2.909275e+08 | L20: 0.25 | M20: =+L20*$I20 -> 3.1622554e+08 | N20: 0.34 | O20: =+N20*$I20 -> 4.3006673e+08 | P20: 0.18 | Q20: =+P20*$I20 -> 2.2768239e+08 | R20: 0 | S20: =+R20*$I20 -> 0 | T20: 0 | U20: =+T20*$I20 -> 0 | Y20: =K20-'Mar26'!K20 -> 19611553 | Z20: =M20-'Mar26'!M20 -> -97208278 | AA20: =O20-'Mar26'!O20 -> 55392336 | AB20: =Q20-'Mar26'!Q20 -> -4874134.1 | AC20: =+S20-'Mar26'!S20 -> 0 | AE20: =J20-'Mar26'!J20 -> 0.02 | AF20: =L20-'Mar26'!L20 -> -0.07 | AG20: =N20-'Mar26'!N20 -> 0.05 | AH20: =P20-'Mar26'!P20 -> 0 | AI20: =R20-'Mar26'!R20 -> 0 | AK20: =I20-'Mar26'!I20 -> -27078523 | AL20: =I20/'Mar26'!I20-1 -> -0.020958923
B21: Bancário: | C21: Corporativo | D21: Caixa | F21: =J21+L21+N21+P21+R21+T21 -> 1 | H21: Sparta Max Advisory | I21: 145000000 | J21: 0.19 | K21: =+J21*$I21 -> 27550000 | L21: 0.17 | M21: =+L21*$I21 -> 24650000 | N21: 0.51 | O21: =+N21*$I21 -> 73950000 | P21: 0.13 | Q21: =+P21*$I21 -> 18850000 | R21: 0 | S21: =+R21*$I21 -> 0 | T21: 0 | U21: =+T21*$I21 -> 0 | Y21: =K21-'Mar26'!K21 -> -2300000 | Z21: =M21-'Mar26'!M21 -> -722500 | AA21: =O21-'Mar26'!O21 -> -3660000 | AB21: =Q21-'Mar26'!Q21 -> 940000 | AC21: =+S21-'Mar26'!S21 -> 0 | AE21: =J21-'Mar26'!J21 -> -0.01 | AF21: =L21-'Mar26'!L21 -> 0 | AG21: =N21-'Mar26'!N21 -> -0.01 | AH21: =P21-'Mar26'!P21 -> 0.01 | AI21: =R21-'Mar26'!R21 -> 0 | AK21: =I21-'Mar26'!I21 -> -4250000 | AL21: =I21/'Mar26'!I21-1 -> -0.028475712
B22: CDB | C22: Debênture | D22: Compromissada | F22: =J22+L22+N22+P22+R22+T22 -> 1 | H22: Polo Crédito Corporativo | I22: 1189700000 | J22: 0.17 | K22: =+J22*$I22 -> 202249000 | L22: 0.31 | M22: =+L22*$I22 -> 368807000 | N22: 0.47 | O22: =+N22*$I22 -> 559159000 | P22: 0.05 | Q22: =+P22*$I22 -> 59485000 | R22: 0 | S22: =+R22*$I22 -> 0 | T22: 0 | U22: =+T22*$I22 -> 0 | Y22: =K22-'Mar26'!K22 -> 1577000 | Z22: =M22-'Mar26'!M22 -> -32537000 | AA22: =O22-'Mar26'!O22 -> -42857000 | AB22: =Q22-'Mar26'!Q22 -> 9317000 | AC22: =+S22-'Mar26'!S22 -> 0 | AE22: =J22-'Mar26'!J22 -> 0.01 | AF22: =L22-'Mar26'!L22 -> -0.01 | AG22: =N22-'Mar26'!N22 -> -0.01 | AH22: =P22-'Mar26'!P22 -> 0.01 | AI22: =R22-'Mar26'!R22 -> 0 | AK22: =I22-'Mar26'!I22 -> -64500000 | AL22: =I22/'Mar26'!I22-1 -> -0.051427205
B23: LF | C23: CRI | D23: Título Público | F23: =J23+L23+N23+P23+R23+T23 -> 1 | H23: Iridium Titan Advisory | I23: 196563310 | J23: 0.4596 | K23: =+J23*$I23 -> 90340497 | L23: 0.1374 | M23: =+L23*$I23 -> 27007799 | N23: 0.2827 | O23: =+N23*$I23 -> 55568448 | P23: 0.1082 | Q23: =+P23*$I23 -> 21268150 | R23: 0 | S23: =+R23*$I23 -> 0 | T23: 0.0121 | U23: =+T23*$I23 -> 2378416.1 | Y23: =K23-'Mar26'!K23 -> -11008757 | Z23: =M23-'Mar26'!M23 -> 270860.97 | AA23: =O23-'Mar26'!O23 -> 1662335.2 | AB23: =Q23-'Mar26'!Q23 -> 47378.091 | AC23: =+S23-'Mar26'!S23 -> 0 | AE23: =J23-'Mar26'!J23 -> -0.0328 | AF23: =L23-'Mar26'!L23 -> 0.0075 | AG23: =N23-'Mar26'!N23 -> 0.0208 | AH23: =P23-'Mar26'!P23 -> 0.0051 | AI23: =R23-'Mar26'!R23 -> 0 | AK23: =I23-'Mar26'!I23 -> -9263771 | AL23: =I23/'Mar26'!I23-1 -> -0.045007542
B24: LFSN | C24: CRA | F24: =J24+L24+N24+P24+R24+T24 -> 1 | H24: Porto Seguro Ipê | I24: 5.3774448e+08 | J24: 0.128 | K24: =+J24*$I24 -> 68831293 | L24: 0.356 | M24: =+L24*$I24 -> 1.9143703e+08 | N24: 0.393 | O24: =+N24*$I24 -> 2.1133358e+08 | P24: 0.123 | Q24: =+P24*$I24 -> 66142571 | R24: 0 | S24: =+R24*$I24 -> 0 | T24: 0 | U24: =+T24*$I24 -> 0 | Y24: =K24-'Mar26'!K24 -> -2685767.8 | Z24: =M24-'Mar26'!M24 -> -30265855 | AA24: =O24-'Mar26'!O24 -> 16587121 | AB24: =Q24-'Mar26'!Q24 -> 3977740.8 | AC24: =+S24-'Mar26'!S24 -> 0 | AE24: =J24-'Mar26'!J24 -> -0.002 | AF24: =L24-'Mar26'!L24 -> -0.047 | AG24: =N24-'Mar26'!N24 -> 0.039 | AH24: =P24-'Mar26'!P24 -> 0.01 | AI24: =R24-'Mar26'!R24 -> 0 | AK24: =I24-'Mar26'!I24 -> -12386760 | AL24: =I24/'Mar26'!I24-1 -> -0.02251601
B25: LFSC | C25: Nota Promissória | F25: =J25+L25+N25+P25+R25+T25 -> 1 | H25: Sparta Top Advisory | I25: 578700000 | J25: 0.2 | K25: =+J25*$I25 -> 115740000 | L25: 0.25 | M25: =+L25*$I25 -> 144675000 | N25: 0.45 | O25: =+N25*$I25 -> 260415000 | P25: 0.1 | Q25: =+P25*$I25 -> 57870000 | R25: 0 | S25: =+R25*$I25 -> 0 | T25: 0 | U25: =+T25*$I25 -> 0 | Y25: =K25-'Mar26'!K25 -> -160000 | Z25: =M25-'Mar26'!M25 -> -7825000 | AA25: =O25-'Mar26'!O25 -> -26285000 | AB25: =Q25-'Mar26'!Q25 -> 2970000 | AC25: =+S25-'Mar26'!S25 -> 0 | AE25: =J25-'Mar26'!J25 -> 0.01 | AF25: =L25-'Mar26'!L25 -> 0 | AG25: =N25-'Mar26'!N25 -> -0.02 | AH25: =P25-'Mar26'!P25 -> 0.01 | AI25: =R25-'Mar26'!R25 -> 0 | AK25: =I25-'Mar26'!I25 -> -31300000 | AL25: =I25/'Mar26'!I25-1 -> -0.051311475
B26: DPGE | F26: =J26+L26+N26+P26+R26+T26 -> 1 | H26: Absolute Creta | I26: 1786800000 | J26: 0.17 | K26: =+J26*$I26 -> 303756000 | L26: 0.21 | M26: =+L26*$I26 -> 375228000 | N26: 0.46 | O26: =+N26*$I26 -> 821928000 | P26: 0.16 | Q26: =+P26*$I26 -> 285888000 | R26: 0 | S26: =+R26*$I26 -> 0 | T26: 0 | U26: =+T26*$I26 -> 0 | Y26: =K26-'Mar26'!K26 -> -99258150 | Z26: =M26-'Mar26'!M26 -> -85359600 | AA26: =O26-'Mar26'!O26 -> -22482600 | AB26: =Q26-'Mar26'!Q26 -> 74785350 | AC26: =+S26-'Mar26'!S26 -> 0 | AE26: =J26-'Mar26'!J26 -> -0.04 | AF26: =L26-'Mar26'!L26 -> -0.03 | AG26: =N26-'Mar26'!N26 -> 0.02 | AH26: =P26-'Mar26'!P26 -> 0.05 | AI26: =R26-'Mar26'!R26 -> 0 | AK26: =I26-'Mar26'!I26 -> -132315000 | AL26: =I26/'Mar26'!I26-1 -> -0.068945842
F27: =J27+L27+N27+P27+R27+T27 -> 1 | H27: TOTAL | I27: =SUM(I17:I26) -> 7.3824282e+09 | J27: =K27/$I$27 -> 0.18342847 | K27: =SUM(K17:K26) -> 1.3541475e+09 | L27: =M27/$I$27 -> 0.24965238 | M27: =SUM(M17:M26) -> 1.8430408e+09 | N27: =O27/$I$27 -> 0.41777499 | O27: =SUM(O17:O26) -> 3.0841939e+09 | P27: =Q27/$I$27 -> 0.13012028 | Q27: =SUM(Q17:Q26) -> 9.6060359e+08 | R27: =S27/$I$27 -> 0 | S27: =SUM(S17:S26) -> 0 | T27: =U27/$I$27 -> 0.01902388 | U27: =SUM(U17:U26) -> 1.4044243e+08 | Y27: =K27-'Mar26'!K27 -> -95889051 | Z27: =M27-'Mar26'!M27 -> -2.5756583e+08 | AA27: =O27-'Mar26'!O27 -> -45354571 | AB27: =Q27-'Mar26'!Q27 -> 91729472 | AC27: =+S27-'Mar26'!S27 -> 0 | AE27: =J27-'Mar26'!J27 -> -0.005128064 | AF27: =L27-'Mar26'!L27 -> -0.023501491 | AG27: =N27-'Mar26'!N27 -> 0.010821936 | AH27: =P27-'Mar26'!P27 -> 0.017135612 | AI27: =R27-'Mar26'!R27 -> 0 | AK27: =I27-'Mar26'!I27 -> -3.0776704e+08 | AL27: =I27/'Mar26'!I27-1 -> -0.040020706
H29: Fundo D+60 | I29: PL | J29: Caixa | L29: Bancários | N29: Corporativo | P29: FIDC | R29: Bonds | T29: Outros | Y29: Δ Caixa | Z29: Δ Bancários | AA29: Δ Corporativo | AB29: Δ FIDC | AC29: Δ Bonds | AE29: Δ Caixa | AF29: Δ Bancários | AG29: Δ Corporativo | AH29: Δ FIDC | AI29: Δ Bonds
F30: =J30+L30+N30+P30+R30+T30 -> 1 | H30: Horizonte | I30: 2.2967051e+08 | J30: =0.2063+0.0141 -> 0.2204 | K30: =+J30*$I30 -> 50619380 | L30: =0.0847+0.0739+0.0306 -> 0.1892 | M30: =+L30*$I30 -> 43453660 | N30: =0.3336+0.0186+0.0107 -> 0.3629 | O30: =+N30*$I30 -> 83347428 | P30: 0.1532 | Q30: =+P30*$I30 -> 35185522 | R30: 0.0501 | S30: =+R30*$I30 -> 11506493 | T30: 0.0242 | U30: =+T30*$I30 -> 5558026.3 | Y30: =K30-'Mar26'!K30 -> 9882193.7 | Z30: =M30-'Mar26'!M30 -> -623384.79 | AA30: =O30-'Mar26'!O30 -> -5647307.2 | AB30: =Q30-'Mar26'!Q30 -> -326035.48 | AC30: =+S30-'Mar26'!S30 -> -785095.85 | AE30: =J30-'Mar26'!J30 -> 0.0411 | AF30: =L30-'Mar26'!L30 -> -0.0048 | AG30: =N30-'Mar26'!N30 -> -0.0288 | AH30: =P30-'Mar26'!P30 -> -0.0031 | AI30: =R30-'Mar26'!R30 -> -0.004 | AK30: =I30-'Mar26'!I30 -> 2469245.6 | AL30: =I30/'Mar26'!I30-1 -> 0.010868098
F31: =J31+L31+N31+P31+R31+T31 -> 0 | H31: BTG PACTUAL CRED PLUS | K31: =+J31*$I31 -> 0 | M31: =+L31*$I31 -> 0 | O31: =+N31*$I31 -> 0 | Q31: =+P31*$I31 -> 0 | S31: =+R31*$I31 -> 0 | U31: =+T31*$I31 -> 0 | Y31: =K31-'Mar26'!K31 -> 0 | Z31: =M31-'Mar26'!M31 -> 0 | AA31: =O31-'Mar26'!O31 -> 0 | AB31: =Q31-'Mar26'!Q31 -> 0 | AC31: =+S31-'Mar26'!S31 -> 0 | AE31: =J31-'Mar26'!J31 -> 0 | AF31: =L31-'Mar26'!L31 -> 0 | AG31: =N31-'Mar26'!N31 -> 0 | AH31: =P31-'Mar26'!P31 -> 0 | AI31: =R31-'Mar26'!R31 -> 0 | AK31: =I31-'Mar26'!I31 -> 0 | AL31: =I31/'Mar26'!I31-1 -> #DIV/0!
F32: =J32+L32+N32+P32+R32+T32 -> 1 | H32: JGP Select | I32: 345450326 | J32: 0.08 | K32: =+J32*$I32 -> 27636026 | L32: 0.09 | M32: =+L32*$I32 -> 31090529 | N32: 0.5 | O32: =+N32*$I32 -> 172725163 | P32: 0.08 | Q32: =+P32*$I32 -> 27636026 | R32: 0.14 | S32: =+R32*$I32 -> 48363046 | T32: 0.11 | U32: =+T32*$I32 -> 37999536 | Y32: =K32-'Mar26'!K32 -> 5013647.6 | Z32: =M32-'Mar26'!M32 -> -4458922.6 | AA32: =O32-'Mar26'!O32 -> 11136745 | AB32: =Q32-'Mar26'!Q32 -> 1781879.2 | AC32: =+S32-'Mar26'!S32 -> -9808784.8 | AE32: =J32-'Mar26'!J32 -> 0.01 | AF32: =L32-'Mar26'!L32 -> -0.02 | AG32: =N32-'Mar26'!N32 -> 0 | AH32: =P32-'Mar26'!P32 -> 0 | AI32: =R32-'Mar26'!R32 -> -0.04 | AK32: =I32-'Mar26'!I32 -> 22273490 | AL32: =I32/'Mar26'!I32-1 -> 0.068920441
F33: =J33+L33+N33+P33+R33+T33 -> 1 | H33: ARX Everest Advisory | I33: 433497135 | J33: 0.2 | K33: =+J33*$I33 -> 86699427 | L33: 0.17 | M33: =+L33*$I33 -> 73694513 | N33: 0.42 | O33: =+N33*$I33 -> 1.820688e+08 | P33: 0.18 | Q33: =+P33*$I33 -> 78029484 | R33: 0 | S33: =+R33*$I33 -> 0 | T33: 0.03 | U33: =+T33*$I33 -> 13004914 | Y33: =K33-'Mar26'!K33 -> -8185472.8 | Z33: =M33-'Mar26'!M33 -> -21190387 | AA33: =O33-'Mar26'!O33 -> 1335654.3 | AB33: =Q33-'Mar26'!Q33 -> -3300429.8 | AC33: =+S33-'Mar26'!S33 -> 0 | AE33: =J33-'Mar26'!J33 -> -0.01 | AF33: =L33-'Mar26'!L33 -> -0.04 | AG33: =N33-'Mar26'!N33 -> 0.02 | AH33: =P33-'Mar26'!P33 -> 0 | AI33: =R33-'Mar26'!R33 -> 0 | AK33: =I33-'Mar26'!I33 -> -18335721 | AL33: =I33/'Mar26'!I33-1 -> -0.040580761
F34: =J34+L34+N34+P34+R34+T34 -> 1 | H34: Polo Total | I34: 77600000 | J34: 0.15 | K34: =+J34*$I34 -> 11640000 | L34: 0.21 | M34: =+L34*$I34 -> 16296000 | N34: 0.49 | O34: =+N34*$I34 -> 38024000 | P34: 0.04 | Q34: =+P34*$I34 -> 3104000 | R34: 0.11 | S34: =+R34*$I34 -> 8536000 | T34: 0 | U34: =+T34*$I34 -> 0 | Y34: =K34-'Mar26'!K34 -> 8516000 | Z34: =M34-'Mar26'!M34 -> -4010000 | AA34: =O34-'Mar26'!O34 -> 536000 | AB34: =Q34-'Mar26'!Q34 -> -20000 | AC34: =+S34-'Mar26'!S34 -> -5522000 | AE34: =J34-'Mar26'!J34 -> 0.11 | AF34: =L34-'Mar26'!L34 -> -0.05 | AG34: =N34-'Mar26'!N34 -> 0.01 | AH34: =P34-'Mar26'!P34 -> 0 | AI34: =R34-'Mar26'!R34 -> -0.07 | AK34: =I34-'Mar26'!I34 -> -500000 | AL34: =I34/'Mar26'!I34-1 -> -0.0064020487
F35: =J35+L35+N35+P35+R35+T35 -> 1 | H35: Absolute Olimpia | I35: 278500000 | J35: 0.02 | K35: =+J35*$I35 -> 5570000 | L35: 0 | M35: =+L35*$I35 -> 0 | N35: 0.38 | O35: =+N35*$I35 -> 105830000 | P35: 0.55 | Q35: =+P35*$I35 -> 153175000 | R35: 0.05 | S35: =+R35*$I35 -> 13925000 | T35: 0 | U35: =+T35*$I35 -> 0 | Y35: =K35-'Mar26'!K35 -> -11728520 | Z35: =M35-'Mar26'!M35 -> -3052680 | AA35: =O35-'Mar26'!O35 -> -24417680 | AB35: =Q35-'Mar26'!Q35 -> 24962440 | AC35: =+S35-'Mar26'!S35 -> -12531560 | AE35: =J35-'Mar26'!J35 -> -0.036666667 | AF35: =L35-'Mar26'!L35 -> -0.01 | AG35: =N35-'Mar26'!N35 -> -0.046666667 | AH35: =P35-'Mar26'!P35 -> 0.13 | AI35: =R35-'Mar26'!R35 -> -0.036666667 | AK35: =I35-'Mar26'!I35 -> -26768000 | AL35: =I35/'Mar26'!I35-1 -> -0.087686885
F36: =J36+L36+N36+P36+R36+T36 -> 1 | H36: TOTAL | I36: =SUM(I30:I35) -> 1.364718e+09 | J36: =+K36/$I$36 -> 0.13348167 | K36: =SUM(K30:K35) -> 1.8216483e+08 | L36: =+M36/$I$36 -> 0.12056315 | M36: =SUM(M30:M35) -> 1.645347e+08 | N36: =+O36/$I$36 -> 0.42645836 | O36: =SUM(O30:O35) -> 5.8199539e+08 | P36: =+Q36/$I$36 -> 0.21772266 | Q36: =SUM(Q30:Q35) -> 2.9713003e+08 | R36: =+S36/$I$36 -> 0.060327877 | S36: =SUM(S30:S35) -> 82330538 | T36: =+U36/$I$36 -> 0.041446275 | U36: =SUM(U30:U35) -> 56562476 | Y36: =K36-'Mar26'!K36 -> 3497848.5 | Z36: =M36-'Mar26'!M36 -> -33335374 | AA36: =O36-'Mar26'!O36 -> -17056588 | AB36: =Q36-'Mar26'!Q36 -> 23097854 | AC36: =+S36-'Mar26'!S36 -> -28647441 | AE36: =J36-'Mar26'!J36 -> 0.004534139 | AF36: =L36-'Mar26'!L36 -> -0.022243632 | AG36: =N36-'Mar26'!N36 -> -0.0058894127 | AH36: =P36-'Mar26'!P36 -> 0.019948169 | AI36: =R36-'Mar26'!R36 -> -0.019767146 | AK36: =I36-'Mar26'!I36 -> -20860985 | AL36: =I36/'Mar26'!I36-1 -> -0.01505579
J40: =J6-'Jan26'!J6 -> 0.114 | K40: =K6-'Jan26'!K6 -> 4.0656982e+08 | L40: =L6-'Jan26'!L6 -> -0.074 | M40: =M6-'Jan26'!M6 -> -3.5022507e+08 | N40: =N6-'Jan26'!N6 -> -0.041 | O40: =O6-'Jan26'!O6 -> -241520685 | P40: =P6-'Jan26'!P6 -> 0.008 | Q40: =Q6-'Jan26'!Q6 -> 17714645 | ... T40: =T6-'Jan26'!T6 -> -0.007
J41: =J40/3 -> 0.038 | K41: =K40/3 -> 1.3552327e+08 | L41: =L40/3 -> -0.024666667 | M41: =M40/3 -> -1.1674169e+08 | N41: =N40/3 -> -0.013666667 | O41: =O40/3 -> -80506895 | P41: =P40/3 -> 0.0026666667 | Q41: =Q40/3 -> 5904881.6 | ... T41: =T40/3 -> -0.0023333333

Sheet Mar26
C2: LEGENDA: | H2: Fundo D+1 | I2: PL | J2: Caixa | L2: Bancários | N2: Corporativo | P2: FIDC | R2: FII | T2: Outros | W2: Obs: | Y2: Δ Caixa | Z2: Δ Bancários | AA2: Δ Corporativo | AB2: Δ FIDC | AC2: Δ FII | AE2: Δ Caixa | AF2: Δ Bancários | AG2: Δ Corporativo | AH2: Δ FIDC | AI2: Δ FII | AK2: Var. PL | AL2: % | AO2: LEGENDA:
B3: Bancário | C3: Corporativo | D3: Caixa | F3: =J3+L3+N3+P3+R3+T3 -> 1 | H3: Geraes | I3: 5.5687986e+08 | J3: =42.06%+12.93% -> 0.5499 | K3: =+J3*$I3 -> 3.0622824e+08 | L3: =8.34%+7.4%+3.58%+2.91% -> 0.2223 | M3: =+L3*$I3 -> 1.2379439e+08 | N3: 0.1785 | O3: =+N3*$I3 -> 99403056 | P3: 0.0507 | Q3: =+P3*$I3 -> 28233809 | R3: 0 | S3: =+R3*$I3 -> 0 | T3: -0.0014 | U3: =+T3*$I3 -> -779631.81 | Y3: =K3-'Fev26'!K3 -> -55430975 | Z3: =M3-'Fev26'!M3 -> 18155504 | AA3: =O3-'Fev26'!O3 -> 9917967.9 | AB3: =Q3-'Fev26'!Q3 -> 4351750 | AC3: =+S3-'Fev26'!S3 -> 0 | AE3: =J3-'Fev26'!J3 -> -0.0725 | AF3: =L3-'Fev26'!L3 -> 0.0405 | AG3: =N3-'Fev26'!N3 -> 0.0245 | AH3: =P3-'Fev26'!P3 -> 0.0096 | AI3: =R3-'Fev26'!R3 -> 0 | AK3: =I3-'Fev26'!I3 -> -24192135 | AL3: =I3/'Fev26'!I3-1 -> -0.041633627 | AN3: Bancário: | AO3: Corporativo | AP3: Caixa
B4: CDB | C4: Debênture | D4: Compromissada | F4: =J4+L4+N4+P4+R4+T4 -> 1 | H4: ARX Denali | I4: 1.6495372e+09 | J4: 0.35333333 | K4: 5.8283648e+08 | L4: 0.24666667 | M4: 4.0688584e+08 | N4: 0.25666667 | O4: 4.2338122e+08 | P4: 0.14333333 | Q4: 2.3643367e+08 | R4: 0 | S4: 0 | T4: 0 | U4: =+T4*$I4 -> 0 | Y4: =K4-'Fev26'!K4 -> -33751377 | Z4: =M4-'Fev26'!M4 -> -31064409 | AA4: =O4-'Fev26'!O4 -> -14569037 | AB4: =Q4-'Fev26'!Q4 -> 171029.72 | AC4: =+S4-'Fev26'!S4 -> 0 | AE4: =J4-'Fev26'!J4 -> -0.0033333333 | AF4: =L4-'Fev26'!L4 -> -0.0066666667 | AG4: =N4-'Fev26'!N4 -> 0.0033333333 | AH4: =P4-'Fev26'!P4 -> 0.0066666667 | AI4: =R4-'Fev26'!R4 -> 0 | AK4: =I4-'Fev26'!I4 -> -79213793 | AL4: =I4/'Fev26'!I4-1 -> -0.045821401 | AN4: CDB | AO4: Debênture | AP4: Compromissada
B5: LF | C5: CRI | D5: Título Público | F5: =J5+L5+N5+P5+R5+T5 -> 1 | H5: Capitania Top | I5: 2.0903619e+08 | J5: 0.53 | K5: =+J5*$I5 -> 1.1078918e+08 | L5: 0 | M5: =+L5*$I5 -> 0 | N5: 0.34 | O5: =+N5*$I5 -> 71072305 | P5: 0.03 | Q5: =+P5*$I5 -> 6271085.7 | R5: 0.1 | S5: =+R5*$I5 -> 20903619 | T5: 0 | U5: =+T5*$I5 -> 0 | Y5: =K5-'Fev26'!K5 -> 8502200.7 | Z5: =M5-'Fev26'!M5 -> 0 | AA5: =O5-'Fev26'!O5 -> -8978375.4 | AB5: =Q5-'Fev26'!Q5 -> -7070694.3 | AC5: =+S5-'Fev26'!S5 -> -5779941 | AE5: =J5-'Fev26'!J5 -> 0.07 | AF5: =L5-'Fev26'!L5 -> 0 | AG5: =N5-'Fev26'!N5 -> -0.02 | AH5: =P5-'Fev26'!P5 -> -0.03 | AI5: =R5-'Fev26'!R5 -> -0.02 | AK5: =I5-'Fev26'!I5 -> -13326810 | AL5: =I5/'Fev26'!I5-1 -> -0.059932678 | AN5: LF | AO5: CRI | AP5: Título Público
B6: LFSN | C6: CRA | F6: =J6+L6+N6+P6+R6+T6 -> 1 | H6: Riza Lotus | I6: 3971003000 | J6: ='Fev26'!J6+'Abr26'!J41 -> 0.218 | K6: 897446678 | L6: ='Fev26'!L6+'Abr26'!L41 -> 0.28966667 | M6: 1.9682938e+09 | N6: ='Fev26'!N6+'Abr26'!N41 -> 0.39766667 | O6: 1.3276387e+09 | P6: ='Fev26'!P6+'Abr26'!P41 -> 0.069333333 | Q6: 21178683 | R6: ='Fev26'!R6+'Abr26'!R41 -> 0 | S6: -4.2357365e+08 | T6: ='Fev26'!T6+'Abr26'!T41 -> 0.025333333 | U6: =+T6*$I6 -> 1.0059874e+08 | Y6: =K6-'Fev26'!K6 -> 897446678 | Z6: =M6-'Fev26'!M6 -> 1.9682938e+09 | AA6: =O6-'Fev26'!O6 -> 1.3276387e+09 | AB6: =Q6-'Fev26'!Q6 -> 21178683 | AC6: =+S6-'Fev26'!S6 -> -4.2357365e+08 | AE6: =J6-'Fev26'!J6 -> 0.038 | AF6: =L6-'Fev26'!L6 -> -0.024666667 | AG6: =N6-'Fev26'!N6 -> -0.013666667 | AH6: =P6-'Fev26'!P6 -> 0.0026666667 | AI6: =R6-'Fev26'!R6 -> 0 | AK6: =I6-'Fev26'!I6 -> -42872000 | AL6: =I6/'Fev26'!I6-1 -> -0.01068095 | AN6: LFSN | AO6: CRA
B7: LFSC | C7: Nota Promissória | F7: =J7+L7+N7+P7+R7+T7 -> 1 | H7: Western Asset Total | I7: 3883790000 | J7: 0.232 | K7: =+J7*$I7 -> 901039280 | L7: 0.326 | M7: =+L7*$I7 -> 1266115540 | N7: 0.306 | O7: =+N7*$I7 -> 1188439740 | P7: 0.136 | Q7: =+P7*$I7 -> 5.2819544e+08 | R7: 0 | S7: =+R7*$I7 -> 0 | T7: 0 | U7: =+T7*$I7 -> 0 | Y7: =K7-'Fev26'!K7 -> 7766669 | Z7: =M7-'Fev26'!M7 -> 17080677 | AA7: =O7-'Fev26'!O7 -> -21925313 | AB7: =Q7-'Fev26'!Q7 -> 13886967 | AC7: =+S7-'Fev26'!S7 -> 0 | AE7: =J7-'Fev26'!J7 -> 0.001 | AF7: =L7-'Fev26'!L7 -> 0.003 | AG7: =N7-'Fev26'!N7 -> -0.007 | AH7: =P7-'Fev26'!P7 -> 0.003 | AI7: =R7-'Fev26'!R7 -> 0 | AK7: =I7-'Fev26'!I7 -> 16809000 | AL7: =I7/'Fev26'!I7-1 -> 0.0043468018 | AN7: LFSC | AO7: Nota Promissória
B8: DPGE | F8: =J8+L8+N8+P8+R8+T8 -> 1 | H8: Daycoval Classic | I8: 2.4435438e+08 | J8: 0.13 | K8: =+J8*$I8 -> 31766070 | L8: 0.45 | M8: =+L8*$I8 -> 1.0995947e+08 | N8: 0.22 | O8: =+N8*$I8 -> 53757964 | P8: 0.08 | Q8: =+P8*$I8 -> 19548351 | R8: 0 | S8: =+R8*$I8 -> 0 | T8: 0.12 | U8: =+T8*$I8 -> 29322526 | Y8: =K8-'Fev26'!K8 -> -2978575.3 | Z8: =M8-'Fev26'!M8 -> 18054282 | AA8: =O8-'Fev26'!O8 -> 3322189.1 | AB8: =Q8-'Fev26'!Q8 -> -625959.44 | AC8: =+S8-'Fev26'!S8 -> 0 | AE8: =J8-'Fev26'!J8 -> -0.025 | AF8: =L8-'Fev26'!L8 -> 0.04 | AG8: =N8-'Fev26'!N8 -> -0.005 | AH8: =P8-'Fev26'!P8 -> -0.01 | AI8: =R8-'Fev26'!R8 -> 0 | AK8: =I8-'Fev26'!I8 -> 20195382 | AL8: =I8/'Fev26'!I8-1 -> 0.090094005 | AN8: DPGE
F9: =J9+L9+N9+P9+R9+T9 -> 1 | H9: Iridium Apollo | I9: 1432338623 | J9: 0.5963 | K9: =+J9*$I9 -> 8.5410352e+08 | L9: 0.1713 | M9: =+L9*$I9 -> 2.4535961e+08 | N9: 0.1707 | O9: =+N9*$I9 -> 2.445002e+08 | P9: 0.0498 | Q9: =+P9*$I9 -> 71330463 | R9: 0 | S9: =+R9*$I9 -> 0 | T9: 0.0119 | U9: =+T9*$I9 -> 17044830 | Y9: =K9-'Fev26'!K9 -> -31693459 | Z9: =M9-'Fev26'!M9 -> -47270.28 | AA9: =O9-'Fev26'!O9 -> -28190715 | AB9: =Q9-'Fev26'!Q9 -> -2672828.6 | AC9: =+S9-'Fev26'!S9 -> 0 | AE9: =J9-'Fev26'!J9 -> 0.0038 | AF9: =L9-'Fev26'!L9 -> 0.00715 | AG9: =N9-'Fev26'!N9 -> -0.0117 | AH9: =P9-'Fev26'!P9 -> 0.0003 | AI9: =R9-'Fev26'!R9 -> 0 | AK9: =I9-'Fev26'!I9 -> -62677377 | AL9: =I9/'Fev26'!I9-1 -> -0.041924218
F10: =J10+L10+N10+P10+R10+T10 -> 1 | H10: Porto Seguro FIRF | I10: 7.5957034e+09 | J10: 0.364 | K10: =+J10*$I10 -> 2.764836e+09 | L10: 0.356 | M10: =+L10*$I10 -> 2.7040704e+09 | N10: 0.225 | O10: =+N10*$I10 -> 1.7090333e+09 | P10: 0.055 | Q10: =+P10*$I10 -> 4.1776369e+08 | R10: 0 | S10: =+R10*$I10 -> 0 | T10: 0 | U10: =+T10*$I10 -> 0 | Y10: =K10-'Fev26'!K10 -> -72116797 | Z10: =M10-'Fev26'!M10 -> -1.922329e+08 | AA10: =O10-'Fev26'!O10 -> -63567669 | AB10: =Q10-'Fev26'!Q10 -> 10223740 | AC10: =+S10-'Fev26'!S10 -> 0 | AE10: =J10-'Fev26'!J10 -> 0.0055 | AF10: =L10-'Fev26'!L10 -> -0.01 | AG10: =N10-'Fev26'!N10 -> 0.001 | AH10: =P10-'Fev26'!P10 -> 0.0035 | AI10: =R10-'Fev26'!R10 -> 0 | AK10: =I10-'Fev26'!I10 -> -3.1769363e+08 | AL10: =I10/'Fev26'!I10-1 -> -0.040146302
F11: =J11+L11+N11+P11+R11+T11 -> 1 | H11: Nu Reserva Imediata | I11: 2.8655764e+09 | J11: 0.62 | K11: =+J11*$I11 -> 1.7766573e+09 | L11: 0.27 | M11: =+L11*$I11 -> 7.7370562e+08 | N11: 0.11 | O11: =+N11*$I11 -> 3.152134e+08 | P11: 0 | Q11: =+P11*$I11 -> 0 | R11: 0 | S11: =+R11*$I11 -> 0 | T11: 0 | U11: =+T11*$I11 -> 0 | Y11: =K11-'Fev26'!K11 -> 66144384 | Z11: =M11-'Fev26'!M11 -> -96046735 | AA11: =O11-'Fev26'!O11 -> -3695796.2 | AB11: =Q11-'Fev26'!Q11 -> 0 | AC11: =+S11-'Fev26'!S11 -> 0 | AE11: =J11-'Fev26'!J11 -> 0.03 | AF11: =L11-'Fev26'!L11 -> -0.03 | AG11: =N11-'Fev26'!N11 -> 0 | AH11: =P11-'Fev26'!P11 -> 0 | AI11: =R11-'Fev26'!R11 -> 0 | AK11: =I11-'Fev26'!I11 -> -33598147 | AL11: =I11/'Fev26'!I11-1 -> -0.011588867
B12: Pegar fora da XP: | F12: =J12+L12+N12+P12+R12+T12 -> 1 | H12: Inter Conservador | I12: 1389750000 | J12: 0.251 | K12: =+J12*$I12 -> 348827250 | L12: =34.3%+13.6% -> 0.479 | M12: =+L12*$I12 -> 665690250 | N12: =22.2%+2.3% -> 0.245 | O12: =+N12*$I12 -> 340488750 | P12: 0.025 | Q12: =+P12*$I12 -> 34743750 | R12: 0 | S12: =+R12*$I12 -> 0 | T12: 0 | U12: =+T12*$I12 -> 0 | Y12: =K12-'Fev26'!K12 -> -4691335 | Z12: =M12-'Fev26'!M12 -> -37739588 | AA12: =O12-'Fev26'!O12 -> -9422502.5 | AB12: =Q12-'Fev26'!Q12 -> -1329575 | AC12: =+S12-'Fev26'!S12 -> 0 | AE12: =J12-'Fev26'!J12 -> 0.006 | AF12: =L12-'Fev26'!L12 -> -0.0085 | AG12: =N12-'Fev26'!N12 -> 0.0025 | AH12: =P12-'Fev26'!P12 -> 0 | AI12: =R12-'Fev26'!R12 -> 0 | AK12: =I12-'Fev26'!I12 -> -53183000 | AL12: =I12/'Fev26'!I12-1 -> -0.036857567
B13: NU Reserva Imediata | F13: =J13+L13+N13+P13+R13+T13 -> 1 | H13: Absolute Atenas | I13: 788100000 | J13: 0.06 | K13: =+J13*$I13 -> 47286000 | L13: 0.59 | M13: =+L13*$I13 -> 464979000 | N13: 0.2 | O13: =+N13*$I13 -> 157620000 | P13: 0.15 | Q13: =+P13*$I13 -> 118215000 | R13: 0 | S13: =+R13*$I13 -> 0 | T13: 0 | U13: =+T13*$I13 -> 0 | Y13: =K13-'Fev26'!K13 -> -1.9340592e+08 | Z13: =M13-'Fev26'!M13 -> 69556560 | AA13: =O13-'Fev26'!O13 -> 2889480 | AB13: =Q13-'Fev26'!Q13 -> 49445880 | AC13: =+S13-'Fev26'!S13 -> 0 | AE13: =J13-'Fev26'!J13 -> -0.22 | AF13: =L13-'Fev26'!L13 -> 0.13 | AG13: =N13-'Fev26'!N13 -> 0.02 | AH13: =P13-'Fev26'!P13 -> 0.07 | AI13: =R13-'Fev26'!R13 -> 0 | AK13: =I13-'Fev26'!I13 -> -71514000 | AL13: =I13/'Fev26'!I13-1 -> -0.083193154
B14: JGP Select | F14: =J14+L14+N14+P14+R14+T14 -> 0.99676971 | H14: TOTAL | I14: =SUM(I3:I13) -> 2.4586069e+10 | J14: =K14/$I$14 -> 0.35067892 | K14: =SUM(K3:K13) -> 8.6218161e+09 | L14: =M14/$I$14 -> 0.35503252 | M14: =SUM(M3:M13) -> 8.7288539e+09 | N14: =O14/$I$14 -> 0.24121581 | O14: =SUM(O3:O13) -> 5.9305486e+09 | P14: =Q14/$I$14 -> 0.060274537 | Q14: =SUM(Q3:Q13) -> 1.4819139e+09 | R14: =S14/$I$14 -> -0.016377975 | S14: =SUM(S3:S13) -> -4.0267003e+08 | T14: =U14/$I$14 -> 0.0059459065 | U14: =SUM(U3:U13) -> 1.4618647e+08 | Y14: =K14-'Fev26'!K14 -> 5.8579149e+08 | Z14: =M14-'Fev26'!M14 -> 1.7340099e+09 | AA14: =O14-'Fev26'!O14 -> 1.1934189e+09 | AB14: =Q14-'Fev26'!Q14 -> 87558992 | AC14: =+S14-'Fev26'!S14 -> -4.2935359e+08 | AE14: =J14-'Fev26'!J14 -> 0.032386931 | AF14: =L14-'Fev26'!L14 -> 0.077979756 | AG14: =N14-'Fev26'!N14 -> 0.053586915 | AH14: =P14-'Fev26'!P14 -> 0.0050467316 | AI14: =R14-'Fev26'!R14 -> -0.017434862 | AK14: =I14-'Fev26'!I14 -> -6.6126651e+08 | AL14: =I14/'Fev26'!I14-1 -> -0.026191536
B15: Absolute Olimpia
H16: Fundo D+30 | I16: PL | J16: Caixa | L16: Bancários | N16: Corporativo | P16: FIDC | R16: FII | T16: Outros | Y16: Δ Caixa | Z16: Δ Bancários | AA16: Δ Corporativo | AB16: Δ FIDC | AC16: Δ FII | AE16: Δ Caixa | AF16: Δ Bancários | AG16: Δ Corporativo | AH16: Δ FIDC | AI16: Δ FII
F17: =J17+L17+N17+P17+R17+T17 -> 1 | H17: Geraes 30 | I17: 3.2206528e+08 | J17: 0.3289 | K17: =+J17*$I17 -> 1.0592727e+08 | L17: =10.97%+6.49%+4.68%+4.31% -> 0.2645 | M17: =+L17*$I17 -> 85186267 | N17: =25.72%+0.84% -> 0.2656 | O17: =+N17*$I17 -> 85540538 | P17: 0.0762 | Q17: =+P17*$I17 -> 24541374 | R17: 0 | S17: =+R17*$I17 -> 0 | T17: 0.0648 | U17: =+T17*$I17 -> 20869830 | Y17: =K17-'Fev26'!K17 -> -55900363 | Z17: =M17-'Fev26'!M17 -> 1869069 | AA17: =O17-'Fev26'!O17 -> -5330141.4 | AB17: =Q17-'Fev26'!Q17 -> 354971.75 | AC17: =+S17-'Fev26'!S17 -> 0 | AE17: =J17-'Fev26'!J17 -> -0.0953 | AF17: =L17-'Fev26'!L17 -> 0.0461 | AG17: =N17-'Fev26'!N17 -> 0.0274 | AH17: =P17-'Fev26'!P17 -> 0.0128 | AI17: =R17-'Fev26'!R17 -> 0 | AK17: =I17-'Fev26'!I17 -> -59423720 | AL17: =I17/'Fev26'!I17-1 -> -0.15576785
F18: =J18+L18+N18+P18+R18+T18 -> 1 | H18: Daycoval Classic 30 | I18: 8.6121529e+08 | J18: 0.08 | K18: =+J18*$I18 -> 68897223 | L18: 0.25 | M18: =+L18*$I18 -> 2.1530382e+08 | N18: 0.38 | O18: =+N18*$I18 -> 3.2726181e+08 | P18: 0.17 | Q18: =+P18*$I18 -> 1.464066e+08 | R18: 0 | S18: =+R18*$I18 -> 0 | T18: 0.12 | U18: =+T18*$I18 -> 1.0334583e+08 | Y18: =K18-'Fev26'!K18 -> 10141043 | Z18: =M18-'Fev26'!M18 -> 5460321.9 | AA18: =O18-'Fev26'!O18 -> 4102819.2 | AB18: =Q18-'Fev26'!Q18 -> -483851.13 | AC18: =+S18-'Fev26'!S18 -> 0 | AE18: =J18-'Fev26'!J18 -> 0.01 | AF18: =L18-'Fev26'!L18 -> 0 | AG18: =N18-'Fev26'!N18 -> -0.005 | AH18: =P18-'Fev26'!P18 -> -0.005 | AI18: =R18-'Fev26'!R18 -> 0 | AK18: =I18-'Fev26'!I18 -> 21841287 | AL18: =I18/'Fev26'!I18-1 -> 0.026020924
F19: =J19+L19+N19+P19+R19+T19 -> 1 | H19: Riza Lotus Plus | I19: 526410678 | J19: 0.155 | K19: =+J19*$I19 -> 81593655 | L19: 0.187 | M19: =+L19*$I19 -> 98438797 | N19: 0.537 | O19: =+N19*$I19 -> 2.8268253e+08 | P19: 0.091 | Q19: =+P19*$I19 -> 47903372 | R19: 0 | S19: =+R19*$I19 -> 0 | T19: 0.03 | U19: =+T19*$I19 -> 15792320 | Y19: =K19-'Fev26'!K19 -> 18525791 | Z19: =M19-'Fev26'!M19 -> -27974763 | AA19: =O19-'Fev26'!O19 -> -14875538 | AB19: =Q19-'Fev26'!Q19 -> -161564.3 | AC19: =+S19-'Fev26'!S19 -> 0 | AE19: =J19-'Fev26'!J19 -> 0.0415 | AF19: =L19-'Fev26'!L19 -> -0.0405 | AG19: =N19-'Fev26'!N19 -> 0.0015 | AH19: =P19-'Fev26'!P19 -> 0.0045 | AI19: =R19-'Fev26'!R19 -> 0 | AK19: =I19-'Fev26'!I19 -> -29253322 | AL19: =I19/'Fev26'!I19-1 -> -0.052645703
C20: LEGENDA: | F20: =J20+L20+N20+P20+R20+T20 -> 1 | H20: ARX Vinson Advisory | I20: 1291980680 | J20: 0.21 | K20: =+J20*$I20 -> 2.7131594e+08 | L20: 0.32 | M20: =+L20*$I20 -> 4.1343382e+08 | N20: 0.29 | O20: =+N20*$I20 -> 3.746744e+08 | P20: 0.18 | Q20: =+P20*$I20 -> 2.3255652e+08 | R20: 0 | S20: =+R20*$I20 -> 0 | T20: 0 | U20: =+T20*$I20 -> 0 | Y20: =K20-'Fev26'!K20 -> -372397.2 | Z20: =M20-'Fev26'!M20 -> -567462.4 | AA20: =O20-'Fev26'!O20 -> -514262.8 | AB20: =Q20-'Fev26'!Q20 -> -319197.6 | AC20: =+S20-'Fev26'!S20 -> 0 | AE20: =J20-'Fev26'!J20 -> 0 | AF20: =L20-'Fev26'!L20 -> 0 | AG20: =N20-'Fev26'!N20 -> 0 | AH20: =P20-'Fev26'!P20 -> 0 | AI20: =R20-'Fev26'!R20 -> 0 | AK20: =I20-'Fev26'!I20 -> -1773320 | AL20: =I20/'Fev26'!I20-1 -> -0.0013706779
B21: Bancário: | C21: Corporativo | D21: Caixa | F21: =J21+L21+N21+P21+R21+T21 -> 1.01 | H21: Sparta Max Advisory | I21: 149250000 | J21: 0.2 | K21: =+J21*$I21 -> 29850000 | L21: 0.17 | M21: =+L21*$I21 -> 25372500 | N21: 0.52 | O21: =+N21*$I21 -> 77610000 | P21: 0.12 | Q21: =+P21*$I21 -> 17910000 | R21: 0 | S21: =+R21*$I21 -> 0 | T21: 0 | U21: =+T21*$I21 -> 0 | Y21: =K21-'Fev26'!K21 -> -3750160 | Z21: =M21-'Fev26'!M21 -> -591260 | AA21: =O21-'Fev26'!O21 -> 2009640 | AB21: =Q21-'Fev26'!Q21 -> -417360 | AC21: =+S21-'Fev26'!S21 -> 0 | AE21: =J21-'Fev26'!J21 -> -0.02 | AF21: =L21-'Fev26'!L21 -> 0 | AG21: =N21-'Fev26'!N21 -> 0.025 | AH21: =P21-'Fev26'!P21 -> 0 | AI21: =R21-'Fev26'!R21 -> 0 | AK21: =I21-'Fev26'!I21 -> -3478000 | AL21: =I21/'Fev26'!I21-1 -> -0.022772511
B22: CDB | C22: Debênture | D22: Compromissada | F22: =J22+L22+N22+P22+R22+T22 -> 1 | H22: Polo Crédito Corporativo | I22: 1254200000 | J22: 0.16 | K22: =+J22*$I22 -> 200672000 | L22: 0.32 | M22: =+L22*$I22 -> 401344000 | N22: 0.48 | O22: =+N22*$I22 -> 602016000 | P22: 0.04 | Q22: =+P22*$I22 -> 50168000 | R22: 0 | S22: =+R22*$I22 -> 0 | T22: 0 | U22: =+T22*$I22 -> 0 | Y22: =K22-'Fev26'!K22 -> -22076575 | Z22: =M22-'Fev26'!M22 -> 19489300 | AA22: =O22-'Fev26'!O22 -> -21680010 | AB22: =Q22-'Fev26'!Q22 -> 5618285 | AC22: =+S22-'Fev26'!S22 -> 0 | AE22: =J22-'Fev26'!J22 -> -0.015 | AF22: =L22-'Fev26'!L22 -> 0.02 | AG22: =N22-'Fev26'!N22 -> -0.01 | AH22: =P22-'Fev26'!P22 -> 0.005 | AI22: =R22-'Fev26'!R22 -> 0 | AK22: =I22-'Fev26'!I22 -> -18649000 | AL22: =I22/'Fev26'!I22-1 -> -0.014651384
B23: LF | C23: CRI | D23: Título Público | F23: =J23+L23+N23+P23+R23+T23 -> 1 | H23: Iridium Titan Advisory | I23: 205827081 | J23: 0.4924 | K23: =+J23*$I23 -> 1.0134925e+08 | L23: 0.1299 | M23: =+L23*$I23 -> 26736938 | N23: 0.2619 | O23: =+N23*$I23 -> 53906113 | P23: 0.1031 | Q23: =+P23*$I23 -> 21220772 | R23: 0 | S23: =+R23*$I23 -> 0 | T23: 0.0127 | U23: =+T23*$I23 -> 2614003.9 | Y23: =K23-'Fev26'!K23 -> -3120916.9 | Z23: =M23-'Fev26'!M23 -> 989391.27 | AA23: =O23-'Fev26'!O23 -> -2301841.7 | AB23: =Q23-'Fev26'!Q23 -> 301546.5 | AC23: =+S23-'Fev26'!S23 -> 0 | AE23: =J23-'Fev26'!J23 -> -0.00525 | AF23: =L23-'Fev26'!L23 -> 0.00725 | AG23: =N23-'Fev26'!N23 -> -0.00585 | AH23: =P23-'Fev26'!P23 -> 0.00345 | AI23: =R23-'Fev26'!R23 -> 0 | AK23: =I23-'Fev26'!I23 -> -4099919 | AL23: =I23/'Fev26'!I23-1 -> -0.019530213
B24: LFSN | C24: CRA | F24: =J24+L24+N24+P24+R24+T24 -> 1 | H24: Porto Seguro Ipê | I24: 5.5013124e+08 | J24: 0.13 | K24: =+J24*$I24 -> 71517061 | L24: 0.403 | M24: =+L24*$I24 -> 2.2170289e+08 | N24: 0.354 | O24: =+N24*$I24 -> 1.9474646e+08 | P24: 0.113 | Q24: =+P24*$I24 -> 62164830 | R24: 0 | S24: =+R24*$I24 -> 0 | T24: 0 | U24: =+T24*$I24 -> 0 | Y24: =K24-'Fev26'!K24 -> 10512884 | Z24: =M24-'Fev26'!M24 -> -9892154.7 | AA24: =O24-'Fev26'!O24 -> -5380367.3 | AB24: =Q24-'Fev26'!Q24 -> 2816874.7 | AC24: =+S24-'Fev26'!S24 -> 0 | AE24: =J24-'Fev26'!J24 -> 0.0195 | AF24: =L24-'Fev26'!L24 -> -0.0165 | AG24: =N24-'Fev26'!N24 -> -0.0085 | AH24: =P24-'Fev26'!P24 -> 0.0055 | AI24: =R24-'Fev26'!R24 -> 0 | AK24: =I24-'Fev26'!I24 -> -1942763.6 | AL24: =I24/'Fev26'!I24-1 -> -0.0035190276
B25: LFSC | C25: Nota Promissória | F25: =J25+L25+N25+P25+R25+T25 -> 1 | H25: Sparta Top Advisory | I25: 610000000 | J25: 0.19 | K25: =+J25*$I25 -> 115900000 | L25: 0.25 | M25: =+L25*$I25 -> 152500000 | N25: 0.47 | O25: =+N25*$I25 -> 286700000 | P25: 0.09 | Q25: =+P25*$I25 -> 54900000 | R25: 0 | S25: =+R25*$I25 -> 0 | T25: 0 | U25: =+T25*$I25 -> 0 | Y25: =K25-'Fev26'!K25 -> -6109600 | Z25: =M25-'Fev26'!M25 -> -3062240 | AA25: =O25-'Fev26'!O25 -> 9128160 | AB25: =Q25-'Fev26'!Q25 -> -4320 | AC25: =+S25-'Fev26'!S25 -> 0 | AE25: =J25-'Fev26'!J25 -> -0.01 | AF25: =L25-'Fev26'!L25 -> -0.005 | AG25: =N25-'Fev26'!N25 -> 0.015 | AH25: =P25-'Fev26'!P25 -> 0 | AI25: =R25-'Fev26'!R25 -> 0 | AK25: =I25-'Fev26'!I25 -> -48000 | AL25: =I25/'Fev26'!I25-1 -> -7.8682333e-05
B26: DPGE | F26: =J26+L26+N26+P26+R26+T26 -> 1 | H26: Absolute Creta | I26: 1919115000 | J26: 0.21 | K26: =+J26*$I26 -> 403014150 | L26: 0.24 | M26: =+L26*$I26 -> 460587600 | N26: 0.44 | O26: =+N26*$I26 -> 844410600 | P26: 0.11 | Q26: =+P26*$I26 -> 211102650 | R26: 0 | S26: =+R26*$I26 -> 0 | T26: 0 | U26: =+T26*$I26 -> 0 | Y26: =K26-'Fev26'!K26 -> -171857200 | Z26: =M26-'Fev26'!M26 -> 34389875 | AA26: =O26-'Fev26'!O26 -> -7984850 | AB26: =Q26-'Fev26'!Q26 -> 82252175 | AC26: =+S26-'Fev26'!S26 -> 0 | AE26: =J26-'Fev26'!J26 -> -0.08 | AF26: =L26-'Fev26'!L26 -> 0.025 | AG26: =N26-'Fev26'!N26 -> 0.01 | AH26: =P26-'Fev26'!P26 -> 0.045 | AI26: =R26-'Fev26'!R26 -> 0 | AK26: =I26-'Fev26'!I26 -> -63200000 | AL26: =I26/'Fev26'!I26-1 -> -0.031881916
F27: =J27+L27+N27+P27+R27+T27 -> 1.0001941 | H27: TOTAL | I27: =SUM(I17:I26) -> 7.6901952e+09 | J27: =K27/$I$27 -> 0.18855653 | K27: =SUM(K17:K26) -> 1.4500366e+09 | L27: =M27/$I$27 -> 0.27315387 | M27: =SUM(M17:M26) -> 2.1006066e+09 | N27: =O27/$I$27 -> 0.40695306 | O27: =SUM(O17:O26) -> 3.1295484e+09 | P27: =Q27/$I$27 -> 0.11298466 | Q27: =SUM(Q17:Q26) -> 8.6887412e+08 | R27: =S27/$I$27 -> 0 | S27: =SUM(S17:S26) -> 0 | T27: =U27/$I$27 -> 0.018545952 | U27: =SUM(U17:U26) -> 1.4262199e+08 | Y27: =K27-'Fev26'!K27 -> -2.2400749e+08 | Z27: =M27-'Fev26'!M27 -> 20110077 | AA27: =O27-'Fev26'!O27 -> -42826392 | AB27: =Q27-'Fev26'!Q27 -> 89957560 | AC27: =+S27-'Fev26'!S27 -> 0 | AE27: =J27-'Fev26'!J27 -> -0.024691455 | AF27: =L27-'Fev26'!L27 -> 0.0081299619 | AG27: =N27-'Fev26'!N27 -> 0.0028403 | AH27: =P27-'Fev26'!P27 -> 0.01376243 | AI27: =R27-'Fev26'!R27 -> 0 | AK27: =I27-'Fev26'!I27 -> -1.6002676e+08 | AL27: =I27/'Fev26'!I27-1 -> -0.020384998
H29: Fundo D+60 | I29: PL | J29: Caixa | L29: Bancários | N29: Corporativo | P29: FIDC | R29: Bonds | T29: Outros | Y29: Δ Caixa | Z29: Δ Bancários | AA29: Δ Corporativo | AB29: Δ FIDC | AC29: Δ Bonds | AE29: Δ Caixa | AF29: Δ Bancários | AG29: Δ Corporativo | AH29: Δ FIDC | AI29: Δ Bonds
F30: =J30+L30+N30+P30+R30+T30 -> 1 | H30: Horizonte | I30: 2.2720126e+08 | J30: =16.52%+1.41% -> 0.1793 | K30: =+J30*$I30 -> 40737187 | L30: =8.61%+7.73%+3.06% -> 0.194 | M30: =+L30*$I30 -> 44077045 | N30: =36.14%+1.88%+1.15% -> 0.3917 | O30: =+N30*$I30 -> 88994735 | P30: 0.1563 | Q30: =+P30*$I30 -> 35511558 | R30: 0.0541 | S30: =+R30*$I30 -> 12291588 | T30: 0.0246 | U30: =+T30*$I30 -> 5589151.1 | Y30: =K30-'Fev26'!K30 -> 9915470.9 | Z30: =M30-'Fev26'!M30 -> -3062049.4 | AA30: =O30-'Fev26'!O30 -> -6637498.2 | AB30: =Q30-'Fev26'!Q30 -> -795184.23 | AC30: =+S30-'Fev26'!S30 -> -1432451.8 | AE30: =J30-'Fev26'!J30 -> 0.045 | AF30: =L30-'Fev26'!L30 -> -0.0114 | AG30: =N30-'Fev26'!N30 -> -0.025 | AH30: =P30-'Fev26'!P30 -> -0.0019 | AI30: =R30-'Fev26'!R30 -> -0.0057 | AK30: =I30-'Fev26'!I30 -> -2297735.9 | AL30: =I30/'Fev26'!I30-1 -> -0.010011965
F31: =J31+L31+N31+P31+R31+T31 -> 0 | H31: BTG PACTUAL CRED PLUS | K31: =+J31*$I31 -> 0 | M31: =+L31*$I31 -> 0 | O31: =+N31*$I31 -> 0 | Q31: =+P31*$I31 -> 0 | S31: =+R31*$I31 -> 0 | U31: =+T31*$I31 -> 0 | Y31: =K31-'Fev26'!K31 -> 0 | Z31: =M31-'Fev26'!M31 -> 0 | AA31: =O31-'Fev26'!O31 -> 0 | AB31: =Q31-'Fev26'!Q31 -> 0 | AC31: =+S31-'Fev26'!S31 -> 0 | AE31: =J31-'Fev26'!J31 -> 0 | AF31: =L31-'Fev26'!L31 -> 0 | AG31: =N31-'Fev26'!N31 -> 0 | AH31: =P31-'Fev26'!P31 -> 0 | AI31: =R31-'Fev26'!R31 -> 0 | AK31: =I31-'Fev26'!I31 -> 0 | AL31: =I31/'Fev26'!I31-1 -> #DIV/0!
F32: =J32+L32+N32+P32+R32+T32 -> 1 | H32: JGP Select | I32: 323176836 | J32: 0.07 | K32: =+J32*$I32 -> 22622379 | L32: 0.11 | M32: =+L32*$I32 -> 35549452 | N32: 0.5 | O32: =+N32*$I32 -> 161588418 | P32: 0.08 | Q32: =+P32*$I32 -> 25854147 | R32: 0.18 | S32: =+R32*$I32 -> 58171830 | T32: 0.06 | U32: =+T32*$I32 -> 19390610 | Y32: =K32-'Fev26'!K32 -> -1162296.5 | Z32: =M32-'Fev26'!M32 -> -920383.04 | AA32: =O32-'Fev26'!O32 -> 3023918 | AB32: =Q32-'Fev26'!Q32 -> -1101818.1 | AC32: =+S32-'Fev26'!S32 -> 1088610.5 | AE32: =J32-'Fev26'!J32 -> -0.005 | AF32: =L32-'Fev26'!L32 -> -0.005 | AG32: =N32-'Fev26'!N32 -> 0 | AH32: =P32-'Fev26'!P32 -> -0.005 | AI32: =R32-'Fev26'!R32 -> 0 | AK32: =I32-'Fev26'!I32 -> 6047836 | AL32: =I32/'Fev26'!I32-1 -> 0.019070586
F33: =J33+L33+N33+P33+R33+T33 -> 1 | H33: ARX Everest Advisory | I33: 451832856 | J33: 0.21 | K33: =+J33*$I33 -> 94884900 | L33: 0.21 | M33: =+L33*$I33 -> 94884900 | N33: 0.4 | O33: =+N33*$I33 -> 1.8073314e+08 | P33: 0.18 | Q33: =+P33*$I33 -> 81329914 | R33: 0 | S33: =+R33*$I33 -> 0 | T33: 0 | U33: =+T33*$I33 -> 0 | Y33: =K33-'Fev26'!K33 -> 8208039.8 | Z33: =M33-'Fev26'!M33 -> 3646099.8 | AA33: =O33-'Fev26'!O33 -> -13149308 | AB33: =Q33-'Fev26'!Q33 -> -785005.92 | AC33: =+S33-'Fev26'!S33 -> 0 | AE33: =J33-'Fev26'!J33 -> 0.02 | AF33: =L33-'Fev26'!L33 -> 0.01 | AG33: =N33-'Fev26'!N33 -> -0.025 | AH33: =P33-'Fev26'!P33 -> 0 | AI33: =R33-'Fev26'!R33 -> 0 | AK33: =I33-'Fev26'!I33 -> -4361144 | AL33: =I33/'Fev26'!I33-1 -> -0.0095598452
F34: =J34+L34+N34+P34+R34+T34 -> 1 | H34: Polo Total | I34: 78100000 | J34: 0.04 | K34: =+J34*$I34 -> 3124000 | L34: 0.26 | M34: =+L34*$I34 -> 20306000 | N34: 0.48 | O34: =+N34*$I34 -> 37488000 | P34: 0.04 | Q34: =+P34*$I34 -> 3124000 | R34: 0.18 | S34: =+R34*$I34 -> 14058000 | T34: 0 | U34: =+T34*$I34 -> 0 | Y34: =K34-'Fev26'!K34 -> 63640 | Z34: =M34-'Fev26'!M34 -> 796205 | AA34: =O34-'Fev26'!O34 -> -1531590 | AB34: =Q34-'Fev26'!Q34 -> 828730 | AC34: =+S34-'Fev26'!S34 -> 1434015 | AE34: =J34-'Fev26'!J34 -> 0 | AF34: =L34-'Fev26'!L34 -> 0.005 | AG34: =N34-'Fev26'!N34 -> -0.03 | AH34: =P34-'Fev26'!P34 -> 0.01 | AI34: =R34-'Fev26'!R34 -> 0.015 | AK34: =I34-'Fev26'!I34 -> 1591000 | AL34: =I34/'Fev26'!I34-1 -> 0.020794939
F35: =J35+L35+N35+P35+R35+T35 -> 1 | H35: Absolute Olimpia | I35: 305268000 | J35: 0.056666667 | K35: 17298520 | L35: 0.01 | M35: 3052680 | N35: 0.42666667 | O35: 1.3024768e+08 | P35: 0.42 | Q35: 1.2821256e+08 | R35: 0.086666667 | S35: 26456560 | T35: 0 | U35: =+T35*$I35 -> 0 | Y35: =K35-'Fev26'!K35 -> -8327173.3 | Z35: =M35-'Fev26'!M35 -> -2438540 | AA35: =O35-'Fev26'!O35 -> 288806.67 | AB35: =Q35-'Fev26'!Q35 -> 48589870 | AC35: =+S35-'Fev26'!S35 -> -7405963.3 | AE35: =J35-'Fev26'!J35 -> -0.036666667 | AF35: =L35-'Fev26'!L35 -> -0.01 | AG35: =N35-'Fev26'!N35 -> -0.046666667 | AH35: =P35-'Fev26'!P35 -> 0.13 | AI35: =R35-'Fev26'!R35 -> -0.036666667 | AK35: =I35-'Fev26'!I35 -> 30707000 | AL35: =I35/'Fev26'!I35-1 -> 0.11184036
F36: =J36+L36+N36+P36+R36+T36 -> 1 | H36: TOTAL | I36: =SUM(I30:I35) -> 1.385579e+09 | J36: =+K36/$I$36 -> 0.12894753 | K36: =SUM(K30:K35) -> 1.7866698e+08 | L36: =+M36/$I$36 -> 0.14280679 | M36: =SUM(M30:M35) -> 1.9787008e+08 | N36: =+O36/$I$36 -> 0.43234777 | O36: =SUM(O30:O35) -> 5.9905198e+08 | P36: =+Q36/$I$36 -> 0.1977745 | Q36: =SUM(Q30:Q35) -> 2.7403218e+08 | R36: =+S36/$I$36 -> 0.080095023 | S36: =SUM(S30:S35) -> 1.1097798e+08 | T36: =+U36/$I$36 -> 0.018028392 | U36: =SUM(U30:U35) -> 24979761 | Y36: =K36-'Fev26'!K36 -> 8697680.9 | Z36: =M36-'Fev26'!M36 -> -1978667.7 | AA36: =O36-'Fev26'!O36 -> -18005671 | AB36: =Q36-'Fev26'!Q36 -> 46736592 | AC36: =+S36-'Fev26'!S36 -> -6315789.7 | AE36: =J36-'Fev26'!J36 -> 0.0034062733 | AF36: =L36-'Fev26'!L36 -> -0.0048037657 | AG36: =N36-'Fev26'!N36 -> -0.02341801 | AH36: =P36-'Fev26'!P36 -> 0.029891395 | AI36: =R36-'Fev26'!R36 -> -0.0065394855 | AK36: =I36-'Fev26'!I36 -> 31686956 | AL36: =I36/'Fev26'!I36-1 -> 0.023404345

Sheet Fev26
C2: LEGENDA: | H2: Fundo D+1 | I2: PL | J2: Caixa | L2: Bancários | N2: Corporativo | P2: FIDC | R2: FII | T2: Outros | W2: Obs: | Y2: Δ Caixa | Z2: Δ Bancários | AA2: Δ Corporativo | AB2: Δ FIDC | AC2: Δ FII | AE2: Δ Caixa | AF2: Δ Bancários | AG2: Δ Corporativo | AH2: Δ FIDC | AI2: Δ FII | AK2: Var. PL | AL2: % | AO2: LEGENDA:
B3: Bancário | C3: Corporativo | D3: Caixa | F3: =J3+L3+N3+P3+R3+T3 -> 1 | H3: Geraes | I3: 581072000 | J3: 0.6224 | K3: =+J3*$I3 -> 3.6165921e+08 | L3: 0.1818 | M3: =+L3*$I3 -> 1.0563889e+08 | N3: 0.154 | O3: =+N3*$I3 -> 89485088 | P3: 0.0411 | Q3: =+P3*$I3 -> 23882059 | R3: 0 | S3: =+R3*$I3 -> 0 | T3: 0.0007 | U3: =+T3*$I3 -> 406750.4 | Y3: =K3-'Jan26'!K3 -> 1602288.1 | Z3: =M3-'Jan26'!M3 -> -22628670 | AA3: =O3-'Jan26'!O3 -> -16088502 | AB3: =Q3-'Jan26'!Q3 -> -4283333.1 | AC3: =+S3-'Jan26'!S3 -> 0 | AE3: =J3-'Jan26'!J3 -> 0.0433 | AF3: =L3-'Jan26'!L3 -> -0.0245 | AG3: =N3-'Jan26'!N3 -> -0.0158 | AH3: =P3-'Jan26'!P3 -> -0.0042 | AI3: =R3-'Jan26'!R3 -> 0 | AK3: =I3-'Nov25'!I3 -> -44978509 | AL3: =I3/'Nov25'!I3-1 -> -0.071844856 | AN3: Bancário: | AO3: Corporativo | AP3: Caixa
B4: CDB | C4: Debênture | D4: Compromissada | F4: =J4+L4+N4+P4+R4+T4 -> 1 | H4: ARX Denali | I4: 1728751000 | J4: 0.35666667 | K4: 6.1658786e+08 | L4: 0.25333333 | M4: 4.3795025e+08 | N4: 0.25333333 | O4: 4.3795025e+08 | P4: 0.13666667 | Q4: 2.3626264e+08 | R4: 0 | S4: 0 | T4: 0 | U4: =+T4*$I4 -> 0 | Y4: =K4-'Jan26'!K4 -> -11851564 | Z4: =M4-'Jan26'!M4 -> -15922661 | AA4: =O4-'Jan26'!O4 -> 1533989.1 | AB4: =Q4-'Jan26'!Q4 -> 9326179.3 | AC4: =+S4-'Jan26'!S4 -> 0 | AE4: =J4-'Jan26'!J4 -> -0.0033333333 | AF4: =L4-'Jan26'!L4 -> -0.0066666667 | AG4: =N4-'Jan26'!N4 -> 0.0033333333 | AH4: =P4-'Jan26'!P4 -> 0.0066666667 | AI4: =R4-'Jan26'!R4 -> 0 | AK4: =I4-'Nov25'!I4 -> -25442247 | AL4: =I4/'Nov25'!I4-1 -> -0.014503674 | AN4: CDB | AO4: Debênture | AP4: Compromissada
B5: LF | C5: CRI | D5: Título Público | F5: =J5+L5+N5+P5+R5+T5 -> 1 | H5: Capitania Top | I5: 222363000 | J5: =AVERAGE('Mar26'!J5,'Jan26'!J5) -> 0.46 | K5: =+J5*$I5 -> 102286980 | L5: =AVERAGE('Mar26'!L5,'Jan26'!L5) -> 0 | M5: =+L5*$I5 -> 0 | N5: =AVERAGE('Mar26'!N5,'Jan26'!N5) -> 0.36 | O5: =+N5*$I5 -> 80050680 | P5: =AVERAGE('Mar26'!P5,'Jan26'!P5) -> 0.06 | Q5: =+P5*$I5 -> 13341780 | R5: =AVERAGE('Mar26'!R5,'Jan26'!R5) -> 0.12 | S5: =+R5*$I5 -> 26683560 | T5: =AVERAGE('Mar26'!T5,'Jan26'!T5) -> 0 | U5: =+T5*$I5 -> 0 | Y5: =K5-'Jan26'!K5 -> 12897667 | Z5: =M5-'Jan26'!M5 -> 0 | AA5: =O5-'Jan26'!O5 -> -7046599.2 | AB5: =Q5-'Jan26'!Q5 -> -7286523 | AC5: =+S5-'Jan26'!S5 -> -5404911.3 | AE5: =J5-'Jan26'!J5 -> 0.07 | AF5: =L5-'Jan26'!L5 -> 0 | AG5: =N5-'Jan26'!N5 -> -0.02 | AH5: =P5-'Jan26'!P5 -> -0.03 | AI5: =R5-'Jan26'!R5 -> -0.02 | AK5: =I5-'Nov25'!I5 -> -25289254 | AL5: =I5/'Nov25'!I5-1 -> -0.10211599 | AN5: LF | AO5: CRI | AP5: Título Público
B6: LFSN | C6: CRA | F6: =J6+L6+N6+P6+R6+T6 -> 1 | H6: Riza Lotus | I6: 4013875000 | J6: ='Jan26'!J6+'Abr26'!J41 -> 0.18 | L6: ='Jan26'!L6+'Abr26'!L41 -> 0.31433333 | N6: ='Jan26'!N6+'Abr26'!N41 -> 0.41133333 | P6: ='Jan26'!P6+'Abr26'!P41 -> 0.066666667 | R6: ='Jan26'!R6+'Abr26'!R41 -> 0 | T6: ='Jan26'!T6+'Abr26'!T41 -> 0.027666667 | U6: =+T6*$I6 -> 1.1105054e+08 | Y6: =K6-'Jan26'!K6 -> -5.702609e+08 | Z6: =M6-'Jan26'!M6 -> -1.3613975e+09 | AA6: =O6-'Jan26'!O6 -> -1706766765 | AB6: =Q6-'Jan26'!Q6 -> -2.57019e+08 | AC6: =+S6-'Jan26'!S6 -> 0 | AE6: =J6-'Jan26'!J6 -> 0.038 | AF6: =L6-'Jan26'!L6 -> -0.024666667 | AG6: =N6-'Jan26'!N6 -> -0.013666667 | AH6: =P6-'Jan26'!P6 -> 0.0026666667 | AI6: =R6-'Jan26'!R6 -> 0 | AK6: =I6-'Nov25'!I6 -> -135299710 | AL6: =I6/'Nov25'!I6-1 -> -0.032608825 | AN6: LFSN | AO6: CRA
B7: LFSC | C7: Nota Promissória | F7: =J7+L7+N7+P7+R7+T7 -> 1 | H7: Western Asset Total | I7: 3866981000 | J7: =AVERAGE('Mar26'!J7,'Jan26'!J7) -> 0.231 | K7: =+J7*$I7 -> 893272611 | L7: =AVERAGE('Mar26'!L7,'Jan26'!L7) -> 0.323 | M7: =+L7*$I7 -> 1249034863 | N7: =AVERAGE('Mar26'!N7,'Jan26'!N7) -> 0.313 | O7: =+N7*$I7 -> 1210365053 | P7: =AVERAGE('Mar26'!P7,'Jan26'!P7) -> 0.133 | Q7: =+P7*$I7 -> 514308473 | R7: =AVERAGE('Mar26'!R7,'Jan26'!R7) -> 0 | S7: =+R7*$I7 -> 0 | T7: =AVERAGE('Mar26'!T7,'Jan26'!T7) -> 0 | U7: =+T7*$I7 -> 0 | Y7: =K7-'Jan26'!K7 -> 60999211 | Z7: =M7-'Jan26'!M7 -> 91089263 | AA7: =O7-'Jan26'!O7 -> 52419453 | AB7: =Q7-'Jan26'!Q7 -> 43893073 | AC7: =+S7-'Jan26'!S7 -> 0 | AE7: =J7-'Jan26'!J7 -> 0.001 | AF7: =L7-'Jan26'!L7 -> 0.003 | AG7: =N7-'Jan26'!N7 -> -0.007 | AH7: =P7-'Jan26'!P7 -> 0.003 | AI7: =R7-'Jan26'!R7 -> 0 | AK7: =I7-'Nov25'!I7 -> 558521000 | AL7: =I7/'Nov25'!I7-1 -> 0.16881601 | AN7: LFSC | AO7: Nota Promissória
B8: DPGE | F8: =J8+L8+N8+P8+R8+T8 -> 1 | H8: Daycoval Classic | I8: 224159000 | J8: =AVERAGE('Mar26'!J8,'Jan26'!J8) -> 0.155 | K8: =+J8*$I8 -> 34744645 | L8: =AVERAGE('Mar26'!L8,'Jan26'!L8) -> 0.41 | M8: =+L8*$I8 -> 91905190 | N8: =AVERAGE('Mar26'!N8,'Jan26'!N8) -> 0.225 | O8: =+N8*$I8 -> 50435775 | P8: =AVERAGE('Mar26'!P8,'Jan26'!P8) -> 0.09 | Q8: =+P8*$I8 -> 20174310 | R8: =AVERAGE('Mar26'!R8,'Jan26'!R8) -> 0 | S8: =+R8*$I8 -> 0 | T8: =AVERAGE('Mar26'!T8,'Jan26'!T8) -> 0.12 | U8: =+T8*$I8 -> 26899080 | Y8: =K8-'Jan26'!K8 -> -3614975 | Z8: =M8-'Jan26'!M8 -> 13054860 | AA8: =O8-'Jan26'!O8 -> 1420705 | AB8: =Q8-'Jan26'!Q8 -> -1136590 | AC8: =+S8-'Jan26'!S8 -> 0 | AE8: =J8-'Jan26'!J8 -> -0.025 | AF8: =L8-'Jan26'!L8 -> 0.04 | AG8: =N8-'Jan26'!N8 -> -0.005 | AH8: =P8-'Jan26'!P8 -> -0.01 | AI8: =R8-'Jan26'!R8 -> 0 | AK8: =I8-'Nov25'!I8 -> 30007090 | AL8: =I8/'Nov25'!I8-1 -> 0.1545547 | AN8: DPGE
F9: =J9+L9+N9+P9+R9+T9 -> 1 | H9: Iridium Apollo | I9: 1495016000 | J9: =AVERAGE('Mar26'!J9,'Jan26'!J9) -> 0.5925 | K9: =+J9*$I9 -> 885796980 | L9: =AVERAGE('Mar26'!L9,'Jan26'!L9) -> 0.16415 | M9: =+L9*$I9 -> 2.4540688e+08 | N9: =AVERAGE('Mar26'!N9,'Jan26'!N9) -> 0.1824 | O9: =+N9*$I9 -> 2.7269092e+08 | P9: =AVERAGE('Mar26'!P9,'Jan26'!P9) -> 0.0495 | Q9: =+P9*$I9 -> 74003292 | R9: =AVERAGE('Mar26'!R9,'Jan26'!R9) -> 0 | S9: =+R9*$I9 -> 0 | T9: =AVERAGE('Mar26'!T9,'Jan26'!T9) -> 0.01145 | U9: =+T9*$I9 -> 17117933 | Y9: =K9-'Jan26'!K9 -> -13810431 | Z9: =M9-'Jan26'!M9 -> 5491191.7 | AA9: =O9-'Jan26'!O9 -> -23918218 | AB9: =Q9-'Jan26'!Q9 -> -1180476.7 | AC9: =+S9-'Jan26'!S9 -> 0 | AE9: =J9-'Jan26'!J9 -> 0.0038 | AF9: =L9-'Jan26'!L9 -> 0.00715 | AG9: =N9-'Jan26'!N9 -> -0.0117 | AH9: =P9-'Jan26'!P9 -> 0.0003 | AI9: =R9-'Jan26'!R9 -> 0 | AK9: =I9-'Nov25'!I9 -> -121585762 | AL9: =I9/'Nov25'!I9-1 -> -0.075210707
F10: =J10+L10+N10+P10+R10+T10 -> 1 | H10: Porto Seguro FIRF | I10: 7913397000 | J10: =AVERAGE('Mar26'!J10,'Jan26'!J10) -> 0.3585 | K10: =+J10*$I10 -> 2.8369528e+09 | L10: =AVERAGE('Mar26'!L10,'Jan26'!L10) -> 0.366 | M10: =+L10*$I10 -> 2896303302 | N10: =AVERAGE('Mar26'!N10,'Jan26'!N10) -> 0.224 | O10: =+N10*$I10 -> 1.7726009e+09 | P10: =AVERAGE('Mar26'!P10,'Jan26'!P10) -> 0.0515 | Q10: =+P10*$I10 -> 4.0753995e+08 | R10: =AVERAGE('Mar26'!R10,'Jan26'!R10) -> 0 | S10: =+R10*$I10 -> 0 | T10: =AVERAGE('Mar26'!T10,'Jan26'!T10) -> 0 | U10: =+T10*$I10 -> 0 | Y10: =K10-'Jan26'!K10 -> 49563875 | Z10: =M10-'Jan26'!M10 -> -72700225 | AA10: =O10-'Jan26'!O10 -> 11729155 | AB10: =Q10-'Jan26'!Q10 -> 28518219 | AC10: =+S10-'Jan26'!S10 -> 0 | AE10: =J10-'Jan26'!J10 -> 0.0055 | AF10: =L10-'Jan26'!L10 -> -0.01 | AG10: =N10-'Jan26'!N10 -> 0.001 | AH10: =P10-'Jan26'!P10 -> 0.0035 | AI10: =R10-'Jan26'!R10 -> 0 | AK10: =I10-'Nov25'!I10 -> 1.4632846e+08 | AL10: =I10/'Nov25'!I10-1 -> 0.018839599
F11: =J11+L11+N11+P11+R11+T11 -> 1 | H11: Nu Reserva Imediata | I11: 2899174514 | J11: 0.59 | K11: =+J11*$I11 -> 1.710513e+09 | L11: 0.3 | M11: =+L11*$I11 -> 8.6975235e+08 | N11: 0.11 | O11: =+N11*$I11 -> 3.189092e+08 | P11: 0 | Q11: =+P11*$I11 -> 0 | R11: 0 | S11: =+R11*$I11 -> 0 | T11: 0 | U11: =+T11*$I11 -> 0 | Y11: =K11-'Jan26'!K11 -> -79127839 | Z11: =M11-'Jan26'!M11 -> 48277888 | AA11: =O11-'Jan26'!O11 -> -3812915.4 | AB11: =Q11-'Jan26'!Q11 -> 0 | AC11: =+S11-'Jan26'!S11 -> 0 | AE11: =J11-'Jan26'!J11 -> -0.02 | AF11: =L11-'Jan26'!L11 -> 0.02 | AG11: =N11-'Jan26'!N11 -> 0 | AH11: =P11-'Jan26'!P11 -> 0 | AI11: =R11-'Jan26'!R11 -> 0 | AK11: =I11-'Nov25'!I11 -> -96457175 | AL11: =I11/'Nov25'!I11-1 -> -0.032199277
B12: Pegar fora da XP: | F12: =J12+L12+N12+P12+R12+T12 -> 1 | H12: Inter Conservador | I12: 1442933000 | J12: =AVERAGE('Mar26'!J12,'Jan26'!J12) -> 0.245 | K12: =+J12*$I12 -> 353518585 | L12: =AVERAGE('Mar26'!L12,'Jan26'!L12) -> 0.4875 | M12: =+L12*$I12 -> 7.0342984e+08 | N12: =AVERAGE('Mar26'!N12,'Jan26'!N12) -> 0.2425 | O12: =+N12*$I12 -> 3.4991125e+08 | P12: =AVERAGE('Mar26'!P12,'Jan26'!P12) -> 0.025 | Q12: =+P12*$I12 -> 36073325 | R12: =AVERAGE('Mar26'!R12,'Jan26'!R12) -> 0 | S12: =+R12*$I12 -> 0 | T12: =AVERAGE('Mar26'!T12,'Jan26'!T12) -> 0 | U12: =+T12*$I12 -> 0 | Y12: =K12-'Jan26'!K12 -> 140355 | Z12: =M12-'Jan26'!M12 -> -29940882 | AA12: =O12-'Jan26'!O12 -> -4945547.5 | AB12: =Q12-'Jan26'!Q12 -> -890925 | AC12: =+S12-'Jan26'!S12 -> 0 | AE12: =J12-'Jan26'!J12 -> 0.006 | AF12: =L12-'Jan26'!L12 -> -0.0085 | AG12: =N12-'Jan26'!N12 -> 0.0025 | AH12: =P12-'Jan26'!P12 -> 0 | AI12: =R12-'Jan26'!R12 -> 0 | AK12: =I12-'Nov25'!I12 -> -47707000 | AL12: =I12/'Nov25'!I12-1 -> -0.032004374
B13: NU Reserva Imediata | F13: =J13+L13+N13+P13+R13+T13 -> 1 | H13: Absolute Atenas | I13: 859614000 | J13: =AVERAGE('Mar26'!J13,'Jan26'!J13) -> 0.28 | K13: =+J13*$I13 -> 2.4069192e+08 | L13: =AVERAGE('Mar26'!L13,'Jan26'!L13) -> 0.46 | M13: =+L13*$I13 -> 3.9542244e+08 | N13: =AVERAGE('Mar26'!N13,'Jan26'!N13) -> 0.18 | O13: =+N13*$I13 -> 154730520 | P13: =AVERAGE('Mar26'!P13,'Jan26'!P13) -> 0.08 | Q13: =+P13*$I13 -> 68769120 | R13: =AVERAGE('Mar26'!R13,'Jan26'!R13) -> 0 | S13: =+R13*$I13 -> 0 | T13: =AVERAGE('Mar26'!T13,'Jan26'!T13) -> 0 | U13: =+T13*$I13 -> 0 | Y13: =K13-'Jan26'!K13 -> -2.1565808e+08 | Z13: =M13-'Jan26'!M13 -> 94231440 | AA13: =O13-'Jan26'!O13 -> 8698520 | AB13: =Q13-'Jan26'!Q13 -> 59642120 | AC13: =+S13-'Jan26'!S13 -> 0 | AE13: =J13-'Jan26'!J13 -> -0.22 | AF13: =L13-'Jan26'!L13 -> 0.13 | AG13: =N13-'Jan26'!N13 -> 0.02 | AH13: =P13-'Jan26'!P13 -> 0.07 | AI13: =R13-'Jan26'!R13 -> 0 | AK13: =I13-'Nov25'!I13 -> -225586000 | AL13: =I13/'Nov25'!I13-1 -> -0.20787505
B14: JGP Select | F14: =J14+L14+N14+P14+R14+T14 -> 0.84541638 | H14: TOTAL | I14: =SUM(I3:I13) -> 25247335514 | J14: =K14/$I$14 -> 0.31829199 | K14: =SUM(K3:K13) -> 8.0360246e+09 | L14: =M14/$I$14 -> 0.27705276 | M14: =SUM(M3:M13) -> 6.994844e+09 | N14: =O14/$I$14 -> 0.1876289 | O14: =SUM(O3:O13) -> 4.7371297e+09 | P14: =Q14/$I$14 -> 0.055227806 | Q14: =SUM(Q3:Q13) -> 1.3943549e+09 | R14: =S14/$I$14 -> 0.0010568862 | S14: =SUM(S3:S13) -> 26683560 | T14: =U14/$I$14 -> 0.0061580481 | U14: =SUM(U3:U13) -> 1.5547431e+08 | Y14: =K14-'Jan26'!K14 -> -7.6912039e+08 | Z14: =M14-'Jan26'!M14 -> -1.2504453e+09 | AA14: =O14-'Jan26'!O14 -> -1.6867767e+09 | AB14: =Q14-'Jan26'!Q14 -> -1.3041725e+08 | AC14: =+S14-'Jan26'!S14 -> -5404911.3 | AE14: =J14-'Jan26'!J14 -> -0.031205201 | AF14: =L14-'Jan26'!L14 -> -0.050222421 | AG14: =N14-'Jan26'!N14 -> -0.067351259 | AH14: =P14-'Jan26'!P14 -> -0.0052940364 | AI14: =R14-'Jan26'!R14 -> -0.00021678172 | AK14: =I14-'Nov25'!I14 -> 12510890 | AL14: =I14/'Nov25'!I14-1 -> 0.00049577874
B15: Absolute Olimpia
H16: Fundo D+30 | I16: PL | J16: Caixa | L16: Bancários | N16: Corporativo | P16: FIDC | R16: FII | T16: Outros | Y16: Δ Caixa | Z16: Δ Bancários | AA16: Δ Corporativo | AB16: Δ FIDC | AC16: Δ FII | AE16: Δ Caixa | AF16: Δ Bancários | AG16: Δ Corporativo | AH16: Δ FIDC | AI16: Δ FII
F17: =J17+L17+N17+P17+R17+T17 -> 1 | H17: Geraes 30 | I17: 381489000 | J17: 0.4242 | K17: =+J17*$I17 -> 1.6182763e+08 | L17: 0.2184 | M17: =+L17*$I17 -> 83317198 | N17: 0.2382 | O17: =+N17*$I17 -> 90870680 | P17: 0.0634 | Q17: =+P17*$I17 -> 24186403 | R17: 0 | S17: =+R17*$I17 -> 0 | T17: 0.0558 | U17: =+T17*$I17 -> 21287086 | Y17: =K17-'Jan26'!K17 -> 5046389.7 | Z17: =M17-'Jan26'!M17 -> -208512.34 | AA17: =O17-'Jan26'!O17 -> -1674594.1 | AB17: =Q17-'Jan26'!Q17 -> -1318498.8 | AC17: =+S17-'Jan26'!S17 -> 0 | AE17: =J17-'Jan26'!J17 -> 0.0105 | AF17: =L17-'Jan26'!L17 -> -0.002 | AG17: =N17-'Jan26'!N17 -> -0.006 | AH17: =P17-'Jan26'!P17 -> -0.0039 | AI17: =R17-'Jan26'!R17 -> 0 | AK17: =I17-'Nov25'!I17 -> 18344070 | AL17: =I17/'Nov25'!I17-1 -> 0.050514459
F18: =J18+L18+N18+P18+R18+T18 -> 1 | H18: Daycoval Classic 30 | I18: 839374000 | J18: =AVERAGE('Mar26'!J18,'Jan26'!J18) -> 0.07 | K18: =+J18*$I18 -> 58756180 | L18: =AVERAGE('Mar26'!L18,'Jan26'!L18) -> 0.25 | M18: =+L18*$I18 -> 209843500 | N18: =AVERAGE('Mar26'!N18,'Jan26'!N18) -> 0.385 | O18: =+N18*$I18 -> 323158990 | P18: =AVERAGE('Mar26'!P18,'Jan26'!P18) -> 0.175 | Q18: =+P18*$I18 -> 146890450 | R18: =AVERAGE('Mar26'!R18,'Jan26'!R18) -> 0 | S18: =+R18*$I18 -> 0 | T18: =AVERAGE('Mar26'!T18,'Jan26'!T18) -> 0.12 | U18: =+T18*$I18 -> 100724880 | Y18: =K18-'Jan26'!K18 -> 8614315.5 | Z18: =M18-'Jan26'!M18 -> 919064.5 | AA18: =O18-'Jan26'!O18 -> -2763129.4 | AB18: =Q18-'Jan26'!Q18 -> -3535143.6 | AC18: =+S18-'Jan26'!S18 -> 0 | AE18: =J18-'Jan26'!J18 -> 0.01 | AF18: =L18-'Jan26'!L18 -> 0 | AG18: =N18-'Jan26'!N18 -> -0.005 | AH18: =P18-'Jan26'!P18 -> -0.005 | AI18: =R18-'Jan26'!R18 -> 0 | AK18: =I18-'Nov25'!I18 -> -9701146.7 | AL18: =I18/'Nov25'!I18-1 -> -0.011425546
F19: =J19+L19+N19+P19+R19+T19 -> 1 | H19: Riza Lotus Plus | I19: 555664000 | J19: =AVERAGE('Mar26'!J19,'Jan26'!J19) -> 0.1135 | K19: =+J19*$I19 -> 63067864 | L19: =AVERAGE('Mar26'!L19,'Jan26'!L19) -> 0.2275 | M19: =+L19*$I19 -> 126413560 | N19: =AVERAGE('Mar26'!N19,'Jan26'!N19) -> 0.5355 | O19: =+N19*$I19 -> 2.9755807e+08 | P19: =AVERAGE('Mar26'!P19,'Jan26'!P19) -> 0.0865 | Q19: =+P19*$I19 -> 48064936 | R19: =AVERAGE('Mar26'!R19,'Jan26'!R19) -> 0 | S19: =+R19*$I19 -> 0 | T19: =AVERAGE('Mar26'!T19,'Jan26'!T19) -> 0.037 | U19: =+T19*$I19 -> 20559568 | Y19: =K19-'Jan26'!K19 -> 22112919 | Z19: =M19-'Jan26'!M19 -> -26029845 | AA19: =O19-'Jan26'!O19 -> -6191100.4 | AB19: =Q19-'Jan26'!Q19 -> 1421804.6 | AC19: =+S19-'Jan26'!S19 -> 0 | AE19: =J19-'Jan26'!J19 -> 0.0415 | AF19: =L19-'Jan26'!L19 -> -0.0405 | AG19: =N19-'Jan26'!N19 -> 0.0015 | AH19: =P19-'Jan26'!P19 -> 0.0045 | AI19: =R19-'Jan26'!R19 -> 0 | AK19: =I19-'Nov25'!I19 -> -48842192 | AL19: =I19/'Nov25'!I19-1 -> -0.080796843
C20: LEGENDA: | F20: =J20+L20+N20+P20+R20+T20 -> 1 | H20: ARX Vinson Advisory | I20: 1293754000 | J20: =AVERAGE('Mar26'!J20,'Jan26'!J20) -> 0.21 | K20: =+J20*$I20 -> 271688340 | L20: =AVERAGE('Mar26'!L20,'Jan26'!L20) -> 0.32 | M20: =+L20*$I20 -> 4.1400128e+08 | N20: =AVERAGE('Mar26'!N20,'Jan26'!N20) -> 0.29 | O20: =+N20*$I20 -> 3.7518866e+08 | P20: =AVERAGE('Mar26'!P20,'Jan26'!P20) -> 0.18 | Q20: =+P20*$I20 -> 232875720 | R20: =AVERAGE('Mar26'!R20,'Jan26'!R20) -> 0 | S20: =+R20*$I20 -> 0 | T20: =AVERAGE('Mar26'!T20,'Jan26'!T20) -> 0 | U20: =+T20*$I20 -> 0 | Y20: =K20-'Jan26'!K20 -> 1901744 | Z20: =M20-'Jan26'!M20 -> 2897895.7 | AA20: =O20-'Jan26'!O20 -> 2626218 | AB20: =Q20-'Jan26'!Q20 -> 1630066.3 | AC20: =+S20-'Jan26'!S20 -> 0 | AE20: =J20-'Jan26'!J20 -> 0 | AF20: =L20-'Jan26'!L20 -> 0 | AG20: =N20-'Jan26'!N20 -> 0 | AH20: =P20-'Jan26'!P20 -> 0 | AI20: =R20-'Jan26'!R20 -> 0 | AK20: =I20-'Nov25'!I20 -> 4711038 | AL20: =I20/'Nov25'!I20-1 -> 0.0036546788
B21: Bancário: | C21: Corporativo | D21: Caixa | F21: =J21+L21+N21+P21+R21+T21 -> 1.005 | H21: Sparta Max Advisory | I21: 152728000 | J21: =AVERAGE('Mar26'!J21,'Jan26'!J21) -> 0.22 | K21: =+J21*$I21 -> 33600160 | L21: =AVERAGE('Mar26'!L21,'Jan26'!L21) -> 0.17 | M21: =+L21*$I21 -> 25963760 | N21: =AVERAGE('Mar26'!N21,'Jan26'!N21) -> 0.495 | O21: =+N21*$I21 -> 75600360 | P21: =AVERAGE('Mar26'!P21,'Jan26'!P21) -> 0.12 | Q21: =+P21*$I21 -> 18327360 | R21: =AVERAGE('Mar26'!R21,'Jan26'!R21) -> 0 | S21: =+R21*$I21 -> 0 | T21: =AVERAGE('Mar26'!T21,'Jan26'!T21) -> 0 | U21: =+T21*$I21 -> 0 | Y21: =K21-'Jan26'!K21 -> -3599840 | Z21: =M21-'Jan26'!M21 -> -386240 | AA21: =O21-'Jan26'!O21 -> 2750360 | AB21: =Q21-'Jan26'!Q21 -> -272640 | AC21: =+S21-'Jan26'!S21 -> 0 | AE21: =J21-'Jan26'!J21 -> -0.02 | AF21: =L21-'Jan26'!L21 -> 0 | AG21: =N21-'Jan26'!N21 -> 0.025 | AH21: =P21-'Jan26'!P21 -> 0 | AI21: =R21-'Jan26'!R21 -> 0 | AK21: =I21-'Nov25'!I21 -> -9672000 | AL21: =I21/'Nov25'!I21-1 -> -0.05955665
B22: CDB | C22: Debênture | D22: Compromissada | F22: =J22+L22+N22+P22+R22+T22 -> 1 | H22: Polo Crédito Corporativo | I22: 1272849000 | J22: =AVERAGE('Mar26'!J22,'Jan26'!J22) -> 0.175 | K22: =+J22*$I22 -> 222748575 | L22: =AVERAGE('Mar26'!L22,'Jan26'!L22) -> 0.3 | M22: =+L22*$I22 -> 3.818547e+08 | N22: =AVERAGE('Mar26'!N22,'Jan26'!N22) -> 0.49 | O22: =+N22*$I22 -> 623696010 | P22: =AVERAGE('Mar26'!P22,'Jan26'!P22) -> 0.035 | Q22: =+P22*$I22 -> 44549715 | R22: =AVERAGE('Mar26'!R22,'Jan26'!R22) -> 0 | S22: =+R22*$I22 -> 0 | T22: =AVERAGE('Mar26'!T22,'Jan26'!T22) -> 0 | U22: =+T22*$I22 -> 0 | Y22: =K22-'Jan26'!K22 -> -21705425 | Z22: =M22-'Jan26'!M22 -> 21606700 | AA22: =O22-'Jan26'!O22 -> -19603990 | AB22: =Q22-'Jan26'!Q22 -> 5951715 | AC22: =+S22-'Jan26'!S22 -> 0 | AE22: =J22-'Jan26'!J22 -> -0.015 | AF22: =L22-'Jan26'!L22 -> 0.02 | AG22: =N22-'Jan26'!N22 -> -0.01 | AH22: =P22-'Jan26'!P22 -> 0.005 | AI22: =R22-'Jan26'!R22 -> 0 | AK22: =I22-'Nov25'!I22 -> 6349000 | AL22: =I22/'Nov25'!I22-1 -> 0.005013028
B23: LF | C23: CRI | D23: Título Público | F23: =J23+L23+N23+P23+R23+T23 -> 1 | H23: Iridium Titan Advisory | I23: 209927000 | J23: =AVERAGE('Mar26'!J23,'Jan26'!J23) -> 0.49765 | K23: =+J23*$I23 -> 1.0447017e+08 | L23: =AVERAGE('Mar26'!L23,'Jan26'!L23) -> 0.12265 | M23: =+L23*$I23 -> 25747547 | N23: =AVERAGE('Mar26'!N23,'Jan26'!N23) -> 0.26775 | O23: =+N23*$I23 -> 56207954 | P23: =AVERAGE('Mar26'!P23,'Jan26'!P23) -> 0.09965 | Q23: =+P23*$I23 -> 20919226 | R23: =AVERAGE('Mar26'!R23,'Jan26'!R23) -> 0 | S23: =+R23*$I23 -> 0 | T23: =AVERAGE('Mar26'!T23,'Jan26'!T23) -> 0.0123 | U23: =+T23*$I23 -> 2582102.1 | Y23: =K23-'Jan26'!K23 -> -9945459.4 | Z23: =M23-'Jan26'!M23 -> -507302.94 | AA23: =O23-'Jan26'!O23 -> -6039245.2 | AB23: =Q23-'Jan26'!Q23 -> -967399.41 | AC23: =+S23-'Jan26'!S23 -> 0 | AE23: =J23-'Jan26'!J23 -> -0.00525 | AF23: =L23-'Jan26'!L23 -> 0.00725 | AG23: =N23-'Jan26'!N23 -> -0.00585 | AH23: =P23-'Jan26'!P23 -> 0.00345 | AI23: =R23-'Jan26'!R23 -> 0 | AK23: =I23-'Nov25'!I23 -> -18897483 | AL23: =I23/'Nov25'!I23-1 -> -0.082585057
B24: LFSN | C24: CRA | F24: =J24+L24+N24+P24+R24+T24 -> 1 | H24: Porto Seguro Ipê | I24: 552074000 | J24: =AVERAGE('Mar26'!J24,'Jan26'!J24) -> 0.1105 | K24: =+J24*$I24 -> 61004177 | L24: =AVERAGE('Mar26'!L24,'Jan26'!L24) -> 0.4195 | M24: =+L24*$I24 -> 231595043 | N24: =AVERAGE('Mar26'!N24,'Jan26'!N24) -> 0.3625 | O24: =+N24*$I24 -> 2.0012683e+08 | P24: =AVERAGE('Mar26'!P24,'Jan26'!P24) -> 0.1075 | Q24: =+P24*$I24 -> 59347955 | R24: =AVERAGE('Mar26'!R24,'Jan26'!R24) -> 0 | S24: =+R24*$I24 -> 0 | T24: =AVERAGE('Mar26'!T24,'Jan26'!T24) -> 0 | U24: =+T24*$I24 -> 0 | Y24: =K24-'Jan26'!K24 -> 11137755 | Z24: =M24-'Jan26'!M24 -> -7325397.6 | AA24: =O24-'Jan26'!O24 -> -3174742.6 | AB24: =Q24-'Jan26'!Q24 -> 3453723.5 | AC24: =+S24-'Jan26'!S24 -> 0 | AE24: =J24-'Jan26'!J24 -> 0.0195 | AF24: =L24-'Jan26'!L24 -> -0.0165 | AG24: =N24-'Jan26'!N24 -> -0.0085 | AH24: =P24-'Jan26'!P24 -> 0.0055 | AI24: =R24-'Jan26'!R24 -> 0 | AK24: =I24-'Nov25'!I24 -> 29806642 | AL24: =I24/'Nov25'!I24-1 -> 0.057071615
B25: LFSC | C25: Nota Promissória | F25: =J25+L25+N25+P25+R25+T25 -> 1 | H25: Sparta Top Advisory | I25: 610048000 | J25: =AVERAGE('Mar26'!J25,'Jan26'!J25) -> 0.2 | K25: =+J25*$I25 -> 122009600 | L25: =AVERAGE('Mar26'!L25,'Jan26'!L25) -> 0.255 | M25: =+L25*$I25 -> 155562240 | N25: =AVERAGE('Mar26'!N25,'Jan26'!N25) -> 0.455 | O25: =+N25*$I25 -> 277571840 | P25: =AVERAGE('Mar26'!P25,'Jan26'!P25) -> 0.09 | Q25: =+P25*$I25 -> 54904320 | R25: =AVERAGE('Mar26'!R25,'Jan26'!R25) -> 0 | S25: =+R25*$I25 -> 0 | T25: =AVERAGE('Mar26'!T25,'Jan26'!T25) -> 0 | U25: =+T25*$I25 -> 0 | Y25: =K25-'Jan26'!K25 -> -8421400 | Z25: =M25-'Jan26'!M25 -> -5923760 | AA25: =O25-'Jan26'!O25 -> 4287840 | AB25: =Q25-'Jan26'!Q25 -> -994680 | AC25: =+S25-'Jan26'!S25 -> 0 | AE25: =J25-'Jan26'!J25 -> -0.01 | AF25: =L25-'Jan26'!L25 -> -0.005 | AG25: =N25-'Jan26'!N25 -> 0.015 | AH25: =P25-'Jan26'!P25 -> 0 | AI25: =R25-'Jan26'!R25 -> 0 | AK25: =I25-'Nov25'!I25 -> -64952000 | AL25: =I25/'Nov25'!I25-1 -> -0.096225185
B26: DPGE | F26: =J26+L26+N26+P26+R26+T26 -> 1 | H26: Absolute Creta | I26: 1982315000 | J26: =AVERAGE('Mar26'!J26,'Jan26'!J26) -> 0.29 | K26: =+J26*$I26 -> 574871350 | L26: =AVERAGE('Mar26'!L26,'Jan26'!L26) -> 0.215 | M26: =+L26*$I26 -> 426197725 | N26: =AVERAGE('Mar26'!N26,'Jan26'!N26) -> 0.43 | O26: =+N26*$I26 -> 852395450 | P26: =AVERAGE('Mar26'!P26,'Jan26'!P26) -> 0.065 | Q26: =+P26*$I26 -> 128850475 | R26: =AVERAGE('Mar26'!R26,'Jan26'!R26) -> 0 | S26: =+R26*$I26 -> 0 | T26: =AVERAGE('Mar26'!T26,'Jan26'!T26) -> 0 | U26: =+T26*$I26 -> 0 | Y26: =K26-'Jan26'!K26 -> -189437650 | Z26: =M26-'Jan26'!M26 -> 33714725 | AA26: =O26-'Jan26'!O26 -> -15198550 | AB26: =Q26-'Jan26'!Q26 -> 87536475 | AC26: =+S26-'Jan26'!S26 -> 0 | AE26: =J26-'Jan26'!J26 -> -0.08 | AF26: =L26-'Jan26'!L26 -> 0.025 | AG26: =N26-'Jan26'!N26 -> 0.01 | AH26: =P26-'Jan26'!P26 -> 0.045 | AI26: =R26-'Jan26'!R26 -> 0 | AK26: =I26-'Nov25'!I26 -> -158385000 | AL26: =I26/'Nov25'!I26-1 -> -0.073987481
F27: =J27+L27+N27+P27+R27+T27 -> 1.0000973 | H27: TOTAL | I27: =SUM(I17:I26) -> 7850222000 | J27: =K27/$I$27 -> 0.21324799 | K27: =SUM(K17:K26) -> 1.6740441e+09 | L27: =M27/$I$27 -> 0.26502391 | M27: =SUM(M17:M26) -> 2.0804966e+09 | N27: =O27/$I$27 -> 0.40411276 | O27: =SUM(O17:O26) -> 3.1723748e+09 | P27: =Q27/$I$27 -> 0.099222233 | Q27: =SUM(Q17:Q26) -> 7.7891656e+08 | R27: =S27/$I$27 -> 0 | S27: =SUM(S17:S26) -> 0 | T27: =U27/$I$27 -> 0.018490386 | U27: =SUM(U17:U26) -> 1.4515364e+08 | Y27: =K27-'Jan26'!K27 -> -1.8429665e+08 | Z27: =M27-'Jan26'!M27 -> 18757327 | AA27: =O27-'Jan26'!O27 -> -44980934 | AB27: =Q27-'Jan26'!Q27 -> 92905423 | AC27: =+S27-'Jan26'!S27 -> 0 | AE27: =J27-'Jan26'!J27 -> -0.019858077 | AF27: =L27-'Jan26'!L27 -> 0.006403995 | AG27: =N27-'Jan26'!N27 -> 0.00053490378 | AH27: =P27-'Jan26'!P27 -> 0.013170544 | AI27: =R27-'Jan26'!R27 -> 0 | AK27: =I27-'Nov25'!I27 -> -2.5123907e+08 | AL27: =I27/'Nov25'!I27-1 -> -0.031011576
H29: Fundo D+60 | I29: PL | J29: Caixa | L29: Bancários | N29: Corporativo | P29: FIDC | R29: Bonds | T29: Outros | Y29: Δ Caixa | Z29: Δ Bancários | AA29: Δ Corporativo | AB29: Δ FIDC | AC29: Δ Bonds | AE29: Δ Caixa | AF29: Δ Bancários | AG29: Δ Corporativo | AH29: Δ FIDC | AI29: Δ Bonds
F30: =J30+L30+N30+P30+R30+T30 -> 1 | H30: Horizonte | I30: 229499000 | J30: 0.1343 | K30: =+J30*$I30 -> 30821716 | L30: 0.2054 | M30: =+L30*$I30 -> 47139095 | N30: 0.4167 | O30: =+N30*$I30 -> 95632233 | P30: 0.1582 | Q30: =+P30*$I30 -> 36306742 | R30: 0.0598 | S30: =+R30*$I30 -> 13724040 | T30: 0.0256 | U30: =+T30*$I30 -> 5875174.4 | Y30: =K30-'Jan26'!K30 -> -1206719.5 | Z30: =M30-'Jan26'!M30 -> 220047.5 | AA30: =O30-'Jan26'!O30 -> 2724802.3 | AB30: =Q30-'Jan26'!Q30 -> 510255.45 | AC30: =+S30-'Jan26'!S30 -> 785551.16 | AE30: =J30-'Jan26'!J30 -> -0.0068 | AF30: =L30-'Jan26'!L30 -> -0.0013 | AG30: =N30-'Jan26'!N30 -> 0.0074 | AH30: =P30-'Jan26'!P30 -> 0.0005 | AI30: =R30-'Jan26'!R30 -> 0.0028 | AK30: =I30-'Nov25'!I30 -> 5868049.1 | AL30: =I30/'Nov25'!I30-1 -> 0.026239879
F31: =J31+L31+N31+P31+R31+T31 -> 0 | H31: BTG PACTUAL CRED PLUS | J31: 0 | K31: =+J31*$I31 -> 0 | L31: 0 | M31: =+L31*$I31 -> 0 | N31: 0 | O31: =+N31*$I31 -> 0 | P31: 0 | Q31: =+P31*$I31 -> 0 | R31: 0 | S31: =+R31*$I31 -> 0 | T31: 0 | U31: =+T31*$I31 -> 0 | Y31: =K31-'Jan26'!K31 -> 0 | Z31: =M31-'Jan26'!M31 -> 0 | AA31: =O31-'Jan26'!O31 -> 0 | AB31: =Q31-'Jan26'!Q31 -> 0 | AC31: =+S31-'Jan26'!S31 -> 0 | AE31: =J31-'Jan26'!J31 -> 0 | AF31: =L31-'Jan26'!L31 -> 0 | AG31: =N31-'Jan26'!N31 -> 0 | AH31: =P31-'Jan26'!P31 -> 0 | AI31: =R31-'Jan26'!R31 -> 0 | AK31: =I31-'Nov25'!I31 -> 0 | AL31: =I31/'Nov25'!I31-1 -> #DIV/0!
F32: =J32+L32+N32+P32+R32+T32 -> 1 | H32: JGP Select | I32: 317129000 | J32: =AVERAGE('Mar26'!J32,'Jan26'!J32) -> 0.075 | K32: =+J32*$I32 -> 23784675 | L32: =AVERAGE('Mar26'!L32,'Jan26'!L32) -> 0.115 | M32: =+L32*$I32 -> 36469835 | N32: =AVERAGE('Mar26'!N32,'Jan26'!N32) -> 0.5 | O32: =+N32*$I32 -> 158564500 | P32: =AVERAGE('Mar26'!P32,'Jan26'!P32) -> 0.085 | Q32: =+P32*$I32 -> 26955965 | R32: =AVERAGE('Mar26'!R32,'Jan26'!R32) -> 0.18 | S32: =+R32*$I32 -> 57083220 | T32: =AVERAGE('Mar26'!T32,'Jan26'!T32) -> 0.045 | U32: =+T32*$I32 -> 14270805 | Y32: =K32-'Jan26'!K32 -> 958938.2 | Z32: =M32-'Jan26'!M32 -> 2231229.8 | AA32: =O32-'Jan26'!O32 -> 15903645 | AB32: =Q32-'Jan26'!Q32 -> 1277011.1 | AC32: =+S32-'Jan26'!S32 -> 5725312.2 | AE32: =J32-'Jan26'!J32 -> -0.005 | AF32: =L32-'Jan26'!L32 -> -0.005 | AG32: =N32-'Jan26'!N32 -> 0 | AH32: =P32-'Jan26'!P32 -> -0.005 | AI32: =R32-'Jan26'!R32 -> 0 | AK32: =I32-'Nov25'!I32 -> 73416437 | AL32: =I32/'Nov25'!I32-1 -> 0.30124191
F33: =J33+L33+N33+P33+R33+T33 -> 1 | H33: ARX Everest Advisory | I33: 456194000 | J33: =AVERAGE('Mar26'!J33,'Jan26'!J33) -> 0.19 | K33: =+J33*$I33 -> 86676860 | L33: =AVERAGE('Mar26'!L33,'Jan26'!L33) -> 0.2 | M33: =+L33*$I33 -> 91238800 | N33: =AVERAGE('Mar26'!N33,'Jan26'!N33) -> 0.425 | O33: =+N33*$I33 -> 1.9388245e+08 | P33: =AVERAGE('Mar26'!P33,'Jan26'!P33) -> 0.18 | Q33: =+P33*$I33 -> 82114920 | R33: =AVERAGE('Mar26'!R33,'Jan26'!R33) -> 0 | S33: =+R33*$I33 -> 0 | T33: =AVERAGE('Mar26'!T33,'Jan26'!T33) -> 0.005 | U33: =+T33*$I33 -> 2280970 | Y33: =K33-'Jan26'!K33 -> 8035796.7 | Z33: =M33-'Jan26'!M33 -> 3345846.9 | AA33: =O33-'Jan26'!O33 -> -14285070 | AB33: =Q33-'Jan26'!Q33 -> -1152088.2 | AC33: =+S33-'Jan26'!S33 -> 0 | AE33: =J33-'Jan26'!J33 -> 0.02 | AF33: =L33-'Jan26'!L33 -> 0.01 | AG33: =N33-'Jan26'!N33 -> -0.025 | AH33: =P33-'Jan26'!P33 -> 0 | AI33: =R33-'Jan26'!R33 -> 0 | AK33: =I33-'Nov25'!I33 -> -13344720 | AL33: =I33/'Nov25'!I33-1 -> -0.028420915
F34: =J34+L34+N34+P34+R34+T34 -> 1 | H34: Polo Total | I34: 76509000 | J34: =AVERAGE('Mar26'!J34,'Jan26'!J34) -> 0.04 | K34: =+J34*$I34 -> 3060360 | L34: =AVERAGE('Mar26'!L34,'Jan26'!L34) -> 0.255 | M34: =+L34*$I34 -> 19509795 | N34: =AVERAGE('Mar26'!N34,'Jan26'!N34) -> 0.51 | O34: =+N34*$I34 -> 39019590 | P34: =AVERAGE('Mar26'!P34,'Jan26'!P34) -> 0.03 | Q34: =+P34*$I34 -> 2295270 | R34: =AVERAGE('Mar26'!R34,'Jan26'!R34) -> 0.165 | S34: =+R34*$I34 -> 12623985 | T34: =AVERAGE('Mar26'!T34,'Jan26'!T34) -> 0 | U34: =+T34*$I34 -> 0 | Y34: =K34-'Jan26'!K34 -> 40360 | Z34: =M34-'Jan26'!M34 -> 634795 | AA34: =O34-'Jan26'!O34 -> -1750410 | AB34: =Q34-'Jan26'!Q34 -> 785270 | AC34: =+S34-'Jan26'!S34 -> 1298985 | AE34: =J34-'Jan26'!J34 -> 0 | AF34: =L34-'Jan26'!L34 -> 0.005 | AG34: =N34-'Jan26'!N34 -> -0.03 | AH34: =P34-'Jan26'!P34 -> 0.01 | AI34: =R34-'Jan26'!R34 -> 0.015 | AK34: =I34-'Nov25'!I34 -> 2809000 | AL34: =I34/'Nov25'!I34-1 -> 0.038113976
F35: =J35+L35+N35+P35+R35+T35 -> 1 | H35: Absolute Olimpia | I35: 274561000 | J35: 0.093333333 | K35: 25625693 | L35: 0.02 | M35: 5491220 | N35: 0.47333333 | O35: 1.2995887e+08 | P35: 0.29 | Q35: 79622690 | R35: 0.12333333 | S35: 33862523 | T35: 0 | U35: =+T35*$I35 -> 0 | Y35: =K35-'Jan26'!K35 -> -17716307 | Z35: =M35-'Jan26'!M35 -> -4510780 | AA35: =O35-'Jan26'!O35 -> -43409127 | AB35: =Q35-'Jan26'!Q35 -> 26278690 | AC35: =+S35-'Jan26'!S35 -> -19481477 | AE35: =J35-'Jan26'!J35 -> -0.036666667 | AF35: =L35-'Jan26'!L35 -> -0.01 | AG35: =N35-'Jan26'!N35 -> -0.046666667 | AH35: =P35-'Jan26'!P35 -> 0.13 | AI35: =R35-'Jan26'!R35 -> -0.036666667 | AK35: =I35-'Nov25'!I35 -> -66039000 | AL35: =I35/'Nov25'!I35-1 -> -0.19389019
F36: =J36+L36+N36+P36+R36+T36 -> 1 | H36: TOTAL | I36: =SUM(I30:I35) -> 1353892000 | J36: =+K36/$I$36 -> 0.12554126 | K36: =SUM(K30:K35) -> 1.699693e+08 | L36: =+M36/$I$36 -> 0.14761055 | M36: =SUM(M30:M35) -> 1.9984874e+08 | N36: =+O36/$I$36 -> 0.45576578 | O36: =SUM(O30:O35) -> 6.1705765e+08 | P36: =+Q36/$I$36 -> 0.1678831 | Q36: =SUM(Q30:Q35) -> 2.2729559e+08 | R36: =+S36/$I$36 -> 0.086634509 | S36: =SUM(S30:S35) -> 1.1729377e+08 | T36: =+U36/$I$36 -> 0.016564799 | U36: =SUM(U30:U35) -> 22426949 | Y36: =K36-'Jan26'!K36 -> -9887931.2 | Z36: =M36-'Jan26'!M36 -> 1921139.2 | AA36: =O36-'Jan26'!O36 -> -40816160 | AB36: =Q36-'Jan26'!Q36 -> 27699138 | AC36: =+S36-'Jan26'!S36 -> -11671628 | AE36: =J36-'Jan26'!J36 -> -0.004431495 | AF36: =L36-'Jan26'!L36 -> 0.0045793543 | AG36: =N36-'Jan26'!N36 -> -0.019642778 | AH36: =P36-'Jan26'!P36 -> 0.023645924 | AI36: =R36-'Jan26'!R36 -> -0.0065615617 | AK36: =I36-'Nov25'!I36 -> 2709766.1 | AL36: =I36/'Nov25'!I36-1 -> 0.0020054779

Sheet Jan26
C2: LEGENDA: | H2: Fundo D+1 | I2: PL | J2: Caixa | L2: Bancários | N2: Corporativo | P2: FIDC | R2: FII | T2: Outros | W2: Obs: | Y2: Δ Caixa | Z2: Δ Bancários | AA2: Δ Corporativo | AB2: Δ FIDC | AC2: Δ FII | AE2: Δ Caixa | AF2: Δ Bancários | AG2: Δ Corporativo | AH2: Δ FIDC | AI2: Δ FII | AK2: Var. PL | AL2: % | AO2: LEGENDA:
B3: Bancário | C3: Corporativo | D3: Caixa | F3: =J3+L3+N3+P3+R3+T3 -> 1 | H3: Geraes | I3: 6.2175259e+08 | J3: =46.6%+11.31% -> 0.5791 | K3: =+J3*$I3 -> 3.6005692e+08 | L3: =7.28%+6.79%+3.96%+2.6% -> 0.2063 | M3: =+L3*$I3 -> 1.2826756e+08 | N3: =16.51%+0.47% -> 0.1698 | O3: =+N3*$I3 -> 1.0557359e+08 | P3: 0.0453 | Q3: =+P3*$I3 -> 28165392 | R3: 0 | S3: =+R3*$I3 -> 0 | T3: -0.0005 | U3: =+T3*$I3 -> -310876.29 | Y3: =K3-'Dez25'!K3 -> -36480298 | Z3: =M3-'Dez25'!M3 -> 12440973 | AA3: =O3-'Dez25'!O3 -> 7458659.9 | AB3: =Q3-'Dez25'!Q3 -> 1980174 | AC3: =+S3-'Dez25'!S3 -> 0 | AE3: =J3-'Dez25'!J3 -> -0.0433 | AF3: =L3-'Dez25'!L3 -> 0.0245 | AG3: =N3-'Dez25'!N3 -> 0.0158 | AH3: =P3-'Dez25'!P3 -> 0.0042 | AI3: =R3-'Dez25'!R3 -> 0 | AK3: =I3-'Dez25'!I3 -> -15357344 | AL3: =I3/'Dez25'!I3-1 -> -0.0241047 | AN3: Bancário: | AO3: Corporativo | AP3: Caixa
B4: CDB | C4: Debênture | D4: Compromissada | F4: =J4+L4+N4+P4+R4+T4 -> 1 | H4: ARX Denali | I4: 1745665057 | J4: 0.36 | K4: =+J4*$I4 -> 6.2843942e+08 | L4: =15%+5%+3%+3% -> 0.26 | M4: =+L4*$I4 -> 4.5387291e+08 | N4: 0.25 | O4: =+N4*$I4 -> 4.3641626e+08 | P4: 0.13 | Q4: =+P4*$I4 -> 2.2693646e+08 | R4: 0 | S4: =+R4*$I4 -> 0 | T4: 0 | U4: =+T4*$I4 -> 0 | Y4: =K4-'Dez25'!K4 -> -7614111.9 | Z4: =M4-'Dez25'!M4 -> 24107015 | AA4: =O4-'Dez25'!O4 -> 6650364 | AB4: =Q4-'Dez25'!Q4 -> 3458189.3 | AC4: =+S4-'Dez25'!S4 -> 0 | AE4: =J4-'Dez25'!J4 -> -0.01 | AF4: =L4-'Dez25'!L4 -> 0.01 | AG4: =N4-'Dez25'!N4 -> 0 | AH4: =P4-'Dez25'!P4 -> 0 | AI4: =R4-'Dez25'!R4 -> 0 | AK4: =I4-'Dez25'!I4 -> 26601456 | AL4: =I4/'Dez25'!I4-1 -> 0.015474387 | AN4: CDB | AO4: Debênture | AP4: Compromissada
B5: LF | C5: CRI | D5: Título Público | F5: =J5+L5+N5+P5+R5+T5 -> 1 | H5: Capitania Top | I5: 2.2920337e+08 | J5: 0.39 | K5: =+J5*$I5 -> 89389313 | L5: 0 | M5: =+L5*$I5 -> 0 | N5: 0.38 | O5: =+N5*$I5 -> 87097279 | P5: 0.09 | Q5: =+P5*$I5 -> 20628303 | R5: 0.14 | S5: =+R5*$I5 -> 32088471 | T5: 0 | U5: =+T5*$I5 -> 0 | Y5: =K5-'Dez25'!K5 -> 4042187.2 | Z5: =M5-'Dez25'!M5 -> 0 | AA5: =O5-'Dez25'!O5 -> -14845121 | AB5: =Q5-'Dez25'!Q5 -> -708478.45 | AC5: =+S5-'Dez25'!S5 -> 3639429.4 | AE5: =J5-'Dez25'!J5 -> 0.03 | AF5: =L5-'Dez25'!L5 -> 0 | AG5: =N5-'Dez25'!N5 -> -0.05 | AH5: =P5-'Dez25'!P5 -> 0 | AI5: =R5-'Dez25'!R5 -> 0.02 | AK5: =I5-'Dez25'!I5 -> -7871982.8 | AL5: =I5/'Dez25'!I5-1 -> -0.03320456 | AN5: LF | AO5: CRI | AP5: Título Público
B6: LFSN | C6: CRA | F6: =J6+L6+N6+P6+R6+T6 -> 1 | H6: Riza Lotus | I6: 4015921800 | J6: 0.142 | K6: =+J6*$I6 -> 5.702609e+08 | L6: 0.339 | M6: =+L6*$I6 -> 1.3613975e+09 | N6: 0.425 | O6: =+N6*$I6 -> 1706766765 | P6: 0.064 | Q6: =+P6*$I6 -> 2.57019e+08 | R6: 0 | S6: =+R6*$I6 -> 0 | T6: 0.03 | U6: =+T6*$I6 -> 120477654 | Y6: =K6-'Dez25'!K6 -> -5.0421893e+08 | Z6: =M6-'Dez25'!M6 -> 1.5411679e+08 | AA6: =O6-'Dez25'!O6 -> 258029925 | AB6: =Q6-'Dez25'!Q6 -> 39708469 | AC6: =+S6-'Dez25'!S6 -> 0 | AE6: =J6-'Dez25'!J6 -> -0.125 | AF6: =L6-'Dez25'!L6 -> 0.039 | AG6: =N6-'Dez25'!N6 -> 0.065 | AH6: =P6-'Dez25'!P6 -> 0.01 | AI6: =R6-'Dez25'!R6 -> 0 | AK6: =I6-'Dez25'!I6 -> -8347200 | AL6: =I6/'Dez25'!I6-1 -> -0.0020742152 | AN6: LFSN | AO6: CRA
B7: LFSC | C7: Nota Promissória | F7: =J7+L7+N7+P7+R7+T7 -> 1 | H7: Western Asset Total | I7: 3618580000 | J7: 0.23 | K7: =+J7*$I7 -> 832273400 | L7: 0.32 | M7: =+L7*$I7 -> 1157945600 | N7: 0.32 | O7: =+N7*$I7 -> 1157945600 | P7: 0.13 | Q7: =+P7*$I7 -> 470415400 | R7: 0 | S7: =+R7*$I7 -> 0 | T7: 0 | U7: =+T7*$I7 -> 0 | Y7: =K7-'Dez25'!K7 -> -468440 | Z7: =M7-'Dez25'!M7 -> 43146040 | AA7: =O7-'Dez25'!O7 -> 133807450 | AB7: =Q7-'Dez25'!Q7 -> 84264950 | AC7: =+S7-'Dez25'!S7 -> 0 | AE7: =J7-'Dez25'!J7 -> -0.018 | AF7: =L7-'Dez25'!L7 -> -0.012 | AG7: =N7-'Dez25'!N7 -> 0.015 | AH7: =P7-'Dez25'!P7 -> 0.015 | AI7: =R7-'Dez25'!R7 -> 0 | AK7: =I7-'Dez25'!I7 -> 260750000 | AL7: =I7/'Dez25'!I7-1 -> 0.077654318 | AN7: LFSC | AO7: Nota Promissória
B8: DPGE | F8: =J8+L8+N8+P8+R8+T8 -> 1 | H8: Daycoval Classic | I8: 213109000 | J8: 0.18 | K8: =+J8*$I8 -> 38359620 | L8: 0.37 | M8: =+L8*$I8 -> 78850330 | N8: 0.23 | O8: =+N8*$I8 -> 49015070 | P8: 0.1 | Q8: =+P8*$I8 -> 21310900 | R8: 0 | S8: =+R8*$I8 -> 0 | T8: 0.12 | U8: =+T8*$I8 -> 25573080 | Y8: =K8-'Dez25'!K8 -> 11727110 | Z8: =M8-'Dez25'!M8 -> 855123.29 | AA8: =O8-'Dez25'!O8 -> 3359339.2 | AB8: =Q8-'Dez25'!Q8 -> 4190001 | AC8: =+S8-'Dez25'!S8 -> 0 | AE8: =J8-'Dez25'!J8 -> 0.04 | AF8: =L8-'Dez25'!L8 -> -0.04 | AG8: =N8-'Dez25'!N8 -> -0.01 | AH8: =P8-'Dez25'!P8 -> 0.01 | AI8: =R8-'Dez25'!R8 -> 0 | AK8: =I8-'Dez25'!I8 -> 22876788 | AL8: =I8/'Dez25'!I8-1 -> 0.12025718 | AN8: DPGE
F9: =J9+L9+N9+P9+R9+T9 -> 1 | H9: Iridium Apollo | I9: 1528125380 | J9: 0.5887 | K9: =+J9*$I9 -> 8.9960741e+08 | L9: 0.157 | M9: =+L9*$I9 -> 2.3991568e+08 | N9: 0.1941 | O9: =+N9*$I9 -> 2.9660914e+08 | P9: 0.0492 | Q9: =+P9*$I9 -> 75183769 | R9: 0 | S9: =+R9*$I9 -> 0 | T9: 0.011 | U9: =+T9*$I9 -> 16809379 | Y9: =K9-'Dez25'!K9 -> -26817334 | Z9: =M9-'Dez25'!M9 -> 21795428 | AA9: =O9-'Dez25'!O9 -> -28460407 | AB9: =Q9-'Dez25'!Q9 -> -806514.21 | AC9: =+S9-'Dez25'!S9 -> 0 | AE9: =J9-'Dez25'!J9 -> -0.0038 | AF9: =L9-'Dez25'!L9 -> 0.0175 | AG9: =N9-'Dez25'!N9 -> -0.0138 | AH9: =P9-'Dez25'!P9 -> 0.0006 | AI9: =R9-'Dez25'!R9 -> 0 | AK9: =I9-'Dez25'!I9 -> -35460688 | AL9: =I9/'Dez25'!I9-1 -> -0.022679076
F10: =J10+L10+N10+P10+R10+T10 -> 1 | H10: Porto Seguro FIRF | I10: 7896285977 | J10: 0.353 | K10: =+J10*$I10 -> 2.7873889e+09 | L10: =29.5%+7.7%+0.4% -> 0.376 | M10: =+L10*$I10 -> 2.9690035e+09 | N10: =20.9%+1.4% -> 0.223 | O10: =+N10*$I10 -> 1.7608718e+09 | P10: 0.048 | Q10: =+P10*$I10 -> 3.7902173e+08 | R10: 0 | S10: =+R10*$I10 -> 0 | T10: 0 | U10: =+T10*$I10 -> 0 | Y10: =K10-'Dez25'!K10 -> 7.832705e+08 | Z10: =M10-'Dez25'!M10 -> -5.6132821e+08 | AA10: =O10-'Dez25'!O10 -> -35126687 | AB10: =Q10-'Dez25'!Q10 -> 1322480 | AC10: =+S10-'Dez25'!S10 -> 0 | AE10: =J10-'Dez25'!J10 -> 0.093 | AF10: =L10-'Dez25'!L10 -> -0.082 | AG10: =N10-'Dez25'!N10 -> -0.01 | AH10: =P10-'Dez25'!P10 -> -0.001 | AI10: =R10-'Dez25'!R10 -> 0 | AK10: =I10-'Dez25'!I10 -> 1.8813808e+08 | AL10: =I10/'Dez25'!I10-1 -> 0.02440769
F11: =J11+L11+N11+P11+R11+T11 -> 1 | H11: Nu Reserva Imediata | I11: 2933837381 | J11: 0.61 | K11: =+J11*$I11 -> 1.7896408e+09 | L11: 0.28 | M11: =+L11*$I11 -> 8.2147447e+08 | N11: 0.11 | O11: =+N11*$I11 -> 3.2272211e+08 | P11: 0 | Q11: =+P11*$I11 -> 0 | R11: 0 | S11: =+R11*$I11 -> 0 | T11: 0 | U11: =+T11*$I11 -> 0 | Y11: =K11-'Dez25'!K11 -> -1.292544e+08 | Z11: =M11-'Dez25'!M11 -> 1.0188877e+08 | AA11: =O11-'Dez25'!O11 -> -37070739 | AB11: =Q11-'Dez25'!Q11 -> 0 | AC11: =+S11-'Dez25'!S11 -> 0 | AE11: =J11-'Dez25'!J11 -> -0.03 | AF11: =L11-'Dez25'!L11 -> 0.04 | AG11: =N11-'Dez25'!N11 -> -0.01 | AH11: =P11-'Dez25'!P11 -> 0 | AI11: =R11-'Dez25'!R11 -> 0 | AK11: =I11-'Dez25'!I11 -> -64436376 | AL11: =I11/'Dez25'!I11-1 -> -0.021491158
B12: Pegar fora da XP: | F12: =J12+L12+N12+P12+R12+T12 -> 1 | H12: Inter Conservador | I12: 1478570000 | J12: 0.239 | K12: =+J12*$I12 -> 353378230 | L12: =17.2%+31.3%+1.1% -> 0.496 | M12: =+L12*$I12 -> 733370720 | N12: 0.24 | O12: =+N12*$I12 -> 354856800 | P12: 0.025 | Q12: =+P12*$I12 -> 36964250 | R12: 0 | S12: =+R12*$I12 -> 0 | T12: 0 | U12: =+T12*$I12 -> 0 | Y12: =K12-'Dez25'!K12 -> -78038000 | Z12: =M12-'Dez25'!M12 -> 58819570 | AA12: =O12-'Dez25'!O12 -> 15357430 | AB12: =Q12-'Dez25'!Q12 -> -99000 | AC12: =+S12-'Dez25'!S12 -> 0 | AE12: =J12-'Dez25'!J12 -> -0.052 | AF12: =L12-'Dez25'!L12 -> 0.041 | AG12: =N12-'Dez25'!N12 -> 0.011 | AH12: =P12-'Dez25'!P12 -> 0 | AI12: =R12-'Dez25'!R12 -> 0 | AK12: =I12-'Dez25'!I12 -> -3960000 | AL12: =I12/'Dez25'!I12-1 -> -0.0026711095
B13: NU Reserva Imediata | F13: =J13+L13+N13+P13+R13+T13 -> 1 | H13: Absolute Atenas | I13: 912700000 | J13: 0.5 | K13: =+J13*$I13 -> 456350000 | L13: 0.33 | M13: =+L13*$I13 -> 301191000 | N13: 0.16 | O13: =+N13*$I13 -> 146032000 | P13: 0.01 | Q13: =+P13*$I13 -> 9127000 | R13: 0 | S13: =+R13*$I13 -> 0 | T13: 0 | U13: =+T13*$I13 -> 0 | Y13: =K13-'Dez25'!K13 -> 6608000 | Z13: =M13-'Dez25'!M13 -> -11673000 | AA13: =O13-'Dez25'!O13 -> -623000 | AB13: =Q13-'Dez25'!Q13 -> -59312000 | AC13: =+S13-'Dez25'!S13 -> 0 | AE13: =J13-'Dez25'!J13 -> 0.04 | AF13: =L13-'Dez25'!L13 -> 0.01 | AG13: =N13-'Dez25'!N13 -> 0.01 | AH13: =P13-'Dez25'!P13 -> -0.06 | AI13: =R13-'Dez25'!R13 -> 0 | AK13: =I13-'Dez25'!I13 -> -65000000 | AL13: =I13/'Dez25'!I13-1 -> -0.066482561
B14: JGP Select | F14: =J14+L14+N14+P14+R14+T14 -> 1 | H14: TOTAL | I14: =SUM(I3:I13) -> 2.5193751e+10 | J14: =K14/$I$14 -> 0.34949719 | K14: =SUM(K3:K13) -> 8.805145e+09 | L14: =M14/$I$14 -> 0.32727518 | M14: =SUM(M3:M13) -> 8.2452893e+09 | N14: =O14/$I$14 -> 0.25498015 | O14: =SUM(O3:O13) -> 6.4239064e+09 | P14: =Q14/$I$14 -> 0.060521842 | Q14: =SUM(Q3:Q13) -> 1.5247722e+09 | R14: =S14/$I$14 -> 0.0012736679 | S14: =SUM(S3:S13) -> 32088471 | T14: =U14/$I$14 -> 0.0064519666 | U14: =SUM(U3:U13) -> 1.6254924e+08 | Y14: =K14-'Dez25'!K14 -> 22756281 | Z14: =M14-'Dez25'!M14 -> -1.558315e+08 | AA14: =O14-'Dez25'!O14 -> 3.0853721e+08 | AB14: =Q14-'Dez25'!Q14 -> 73998271 | AC14: =+S14-'Dez25'!S14 -> 3639429.4 | AE14: =J14-'Dez25'!J14 -> -0.0032684354 | AF14: =L14-'Dez25'!L14 -> -0.010175906 | AG14: =N14-'Dez25'!N14 -> 0.0093417409 | AH14: =P14-'Dez25'!P14 -> 0.0022480415 | AI14: =R14-'Dez25'!R14 -> 0.00013094416 | AK14: =I14-'Dez25'!I14 -> 2.9793273e+08 | AL14: =I14/'Dez25'!I14-1 -> 0.01196718
B15: Absolute Olimpia
H16: Fundo D+30 | I16: PL | J16: Caixa | L16: Bancários | N16: Corporativo | P16: FIDC | R16: FII | T16: Outros | Y16: Δ Caixa | Z16: Δ Bancários | AA16: Δ Corporativo | AB16: Δ FIDC | AC16: Δ FII | AE16: Δ Caixa | AF16: Δ Bancários | AG16: Δ Corporativo | AH16: Δ FIDC | AI16: Δ FII
F17: =J17+L17+N17+P17+R17+T17 -> 1 | H17: Geraes 30 | I17: 3.7897328e+08 | J17: =36.54%+4.83% -> 0.4137 | K17: =+J17*$I17 -> 1.5678124e+08 | L17: =8.94%+5.39%+4.04%+3.67% -> 0.2204 | M17: =+L17*$I17 -> 83525710 | N17: =23.72%+0.7% -> 0.2442 | O17: =+N17*$I17 -> 92545274 | P17: 0.0673 | Q17: =+P17*$I17 -> 25504901 | R17: 0 | S17: =+R17*$I17 -> 0 | T17: =0.0523+0.0021 -> 0.0544 | U17: =+T17*$I17 -> 20616146 | Y17: =K17-'Dez25'!K17 -> 2493297.1 | Z17: =M17-'Dez25'!M17 -> 4090331.3 | AA17: =O17-'Dez25'!O17 -> 5908336.2 | AB17: =Q17-'Dez25'!Q17 -> 2445363.9 | AC17: =+S17-'Dez25'!S17 -> 0 | AE17: =J17-'Dez25'!J17 -> -0.0105 | AF17: =L17-'Dez25'!L17 -> 0.002 | AG17: =N17-'Dez25'!N17 -> 0.006 | AH17: =P17-'Dez25'!P17 -> 0.0039 | AI17: =R17-'Dez25'!R17 -> 0 | AK17: =I17-'Dez25'!I17 -> 15258172 | AL17: =I17/'Dez25'!I17-1 -> 0.041950889
F18: =J18+L18+N18+P18+R18+T18 -> 1 | H18: Daycoval Classic 30 | I18: 835697742 | J18: 0.06 | K18: =+J18*$I18 -> 50141865 | L18: 0.25 | M18: =+L18*$I18 -> 2.0892444e+08 | N18: 0.39 | O18: =+N18*$I18 -> 3.2592212e+08 | P18: 0.18 | Q18: =+P18*$I18 -> 1.5042559e+08 | R18: 0 | S18: =+R18*$I18 -> 0 | T18: 0.12 | U18: =+T18*$I18 -> 1.0028373e+08 | Y18: =K18-'Dez25'!K18 -> -15791281 | Z18: =M18-'Dez25'!M18 -> -5358288.7 | AA18: =O18-'Dez25'!O18 -> 20981320 | AB18: =Q18-'Dez25'!Q18 -> 10317658 | AC18: =+S18-'Dez25'!S18 -> 0 | AE18: =J18-'Dez25'!J18 -> -0.02 | AF18: =L18-'Dez25'!L18 -> -0.01 | AG18: =N18-'Dez25'!N18 -> 0.02 | AH18: =P18-'Dez25'!P18 -> 0.01 | AI18: =R18-'Dez25'!R18 -> 0 | AK18: =I18-'Dez25'!I18 -> 11533418 | AL18: =I18/'Dez25'!I18-1 -> 0.013994076
F19: =J19+L19+N19+P19+R19+T19 -> 1 | H19: Riza Lotus Plus | I19: 568818675 | J19: 0.072 | K19: =+J19*$I19 -> 40954945 | L19: 0.268 | M19: =+L19*$I19 -> 1.524434e+08 | N19: 0.534 | O19: =+N19*$I19 -> 3.0374917e+08 | P19: 0.082 | Q19: =+P19*$I19 -> 46643131 | R19: 0 | S19: =+R19*$I19 -> 0 | T19: 0.044 | U19: =+T19*$I19 -> 25028022 | Y19: =K19-'Dez25'!K19 -> -15382939 | Z19: =M19-'Dez25'!M19 -> -39802362 | AA19: =O19-'Dez25'!O19 -> 48195888 | AB19: =Q19-'Dez25'!Q19 -> -401905.17 | AC19: =+S19-'Dez25'!S19 -> 0 | AE19: =J19-'Dez25'!J19 -> -0.025 | AF19: =L19-'Dez25'!L19 -> -0.063 | AG19: =N19-'Dez25'!N19 -> 0.094 | AH19: =P19-'Dez25'!P19 -> 0.001 | AI19: =R19-'Dez25'!R19 -> 0 | AK19: =I19-'Dez25'!I19 -> -11984245 | AL19: =I19/'Dez25'!I19-1 -> -0.020633927
C20: LEGENDA: | F20: =J20+L20+N20+P20+R20+T20 -> 1 | H20: ARX Vinson Advisory | I20: 1284698076 | J20: 0.21 | K20: =+J20*$I20 -> 2.697866e+08 | L20: =19%+6%+4%+3% -> 0.32 | M20: =+L20*$I20 -> 4.1110338e+08 | N20: =28%+1% -> 0.29 | O20: =+N20*$I20 -> 3.7256244e+08 | P20: 0.18 | Q20: =+P20*$I20 -> 2.3124565e+08 | R20: 0 | S20: =+R20*$I20 -> 0 | T20: 0 | U20: =+T20*$I20 -> 0 | Y20: =K20-'Dez25'!K20 -> -49198150 | Z20: =M20-'Dez25'!M20 -> 53840469 | AA20: =O20-'Dez25'!O20 -> 2540136.4 | AB20: =Q20-'Dez25'!Q20 -> 1576636.4 | AC20: =+S20-'Dez25'!S20 -> 0 | AE20: =J20-'Dez25'!J20 -> -0.04 | AF20: =L20-'Dez25'!L20 -> 0.04 | AG20: =N20-'Dez25'!N20 -> 0 | AH20: =P20-'Dez25'!P20 -> 0 | AI20: =R20-'Dez25'!R20 -> 0 | AK20: =I20-'Dez25'!I20 -> 8759091 | AL20: =I20/'Dez25'!I20-1 -> 0.0068648196
B21: Bancário: | C21: Corporativo | D21: Caixa | F21: =J21+L21+N21+P21+R21+T21 -> 1 | H21: Sparta Max Advisory | I21: 155000000 | J21: 0.24 | K21: =+J21*$I21 -> 37200000 | L21: 0.17 | M21: =+L21*$I21 -> 26350000 | N21: 0.47 | O21: =+N21*$I21 -> 72850000 | P21: 0.12 | Q21: =+P21*$I21 -> 18600000 | R21: 0 | S21: =+R21*$I21 -> 0 | T21: 0 | U21: =+T21*$I21 -> 0 | Y21: =K21-'Dez25'!K21 -> -2500000 | Z21: =M21-'Dez25'!M21 -> 942000 | AA21: =O21-'Dez25'!O21 -> -198000 | AB21: =Q21-'Dez25'!Q21 -> -2044000 | AC21: =+S21-'Dez25'!S21 -> 0 | AE21: =J21-'Dez25'!J21 -> -0.01 | AF21: =L21-'Dez25'!L21 -> 0.01 | AG21: =N21-'Dez25'!N21 -> 0.01 | AH21: =P21-'Dez25'!P21 -> -0.01 | AI21: =R21-'Dez25'!R21 -> 0 | AK21: =I21-'Dez25'!I21 -> -3800000 | AL21: =I21/'Dez25'!I21-1 -> -0.023929471
B22: CDB | C22: Debênture | D22: Compromissada | F22: =J22+L22+N22+P22+R22+T22 -> 1 | H22: Polo Crédito Corporativo | I22: 1286600000 | J22: 0.19 | K22: =+J22*$I22 -> 244454000 | L22: 0.28 | M22: =+L22*$I22 -> 3.60248e+08 | N22: 0.5 | O22: =+N22*$I22 -> 643300000 | P22: 0.03 | Q22: =+P22*$I22 -> 38598000 | R22: 0 | S22: =+R22*$I22 -> 0 | T22: 0 | U22: =+T22*$I22 -> 0 | Y22: =K22-'Dez25'!K22 -> -45274000 | Z22: =M22-'Dez25'!M22 -> 34304000 | AA22: =O22-'Dez25'!O22 -> 75916000 | AB22: =Q22-'Dez25'!Q22 -> 14454000 | AC22: =+S22-'Dez25'!S22 -> 0 | AE22: =J22-'Dez25'!J22 -> -0.05 | AF22: =L22-'Dez25'!L22 -> 0.01 | AG22: =N22-'Dez25'!N22 -> 0.03 | AH22: =P22-'Dez25'!P22 -> 0.01 | AI22: =R22-'Dez25'!R22 -> 0 | AK22: =I22-'Dez25'!I22 -> 79400000 | AL22: =I22/'Dez25'!I22-1 -> 0.065772034
B23: LF | C23: CRI | D23: Título Público | F23: =J23+L23+N23+P23+R23+T23 -> 1 | H23: Iridium Titan Advisory | I23: 227511694 | J23: 0.5029 | K23: =+J23*$I23 -> 1.1441563e+08 | L23: 0.1154 | M23: =+L23*$I23 -> 26254849 | N23: 0.2736 | O23: =+N23*$I23 -> 62247199 | P23: 0.0962 | Q23: =+P23*$I23 -> 21886625 | R23: 0 | S23: =+R23*$I23 -> 0 | T23: =1.19% -> 0.0119 | U23: =+T23*$I23 -> 2707389.2 | Y23: =K23-'Dez25'!K23 -> 7207283.4 | Z23: =M23-'Dez25'!M23 -> 1183555.7 | AA23: =O23-'Dez25'!O23 -> -4475153.5 | AB23: =Q23-'Dez25'!Q23 -> 41663.87 | AC23: =+S23-'Dez25'!S23 -> 0 | AE23: =J23-'Dez25'!J23 -> 0.0244 | AF23: =L23-'Dez25'!L23 -> 0.0035 | AG23: =N23-'Dez25'!N23 -> -0.0242 | AH23: =P23-'Dez25'!P23 -> -0.0013 | AI23: =R23-'Dez25'!R23 -> 0 | AK23: =I23-'Dez25'!I23 -> 3460811 | AL23: =I23/'Dez25'!I23-1 -> 0.01544654
B24: LFSN | C24: CRA | F24: =J24+L24+N24+P24+R24+T24 -> 1 | H24: Porto Seguro Ipê | I24: 5.4798266e+08 | J24: 0.091 | K24: =+J24*$I24 -> 49866422 | L24: =36.9%+0.6%+6.1% -> 0.436 | M24: =+L24*$I24 -> 2.3892044e+08 | N24: =35.1%+0.1%+1.9% -> 0.371 | O24: =+N24*$I24 -> 2.0330157e+08 | P24: 0.102 | Q24: =+P24*$I24 -> 55894232 | R24: 0 | S24: =+R24*$I24 -> 0 | T24: 0 | U24: =+T24*$I24 -> 0 | Y24: =K24-'Dez25'!K24 -> 1821087.1 | Z24: =M24-'Dez25'!M24 -> -4439626.3 | AA24: =O24-'Dez25'!O24 -> 22087097 | AB24: =Q24-'Dez25'!Q24 -> 6282200.7 | AC24: =+S24-'Dez25'!S24 -> 0 | AE24: =J24-'Dez25'!J24 -> -0.001 | AF24: =L24-'Dez25'!L24 -> -0.03 | AG24: =N24-'Dez25'!N24 -> 0.024 | AH24: =P24-'Dez25'!P24 -> 0.007 | AI24: =R24-'Dez25'!R24 -> 0 | AK24: =I24-'Dez25'!I24 -> 25750759 | AL24: =I24/'Dez25'!I24-1 -> 0.049309049
B25: LFSC | C25: Nota Promissória | F25: =J25+L25+N25+P25+R25+T25 -> 1 | H25: Sparta Top Advisory | I25: 621100000 | J25: 0.21 | K25: =+J25*$I25 -> 130431000 | L25: 0.26 | M25: =+L25*$I25 -> 161486000 | N25: 0.44 | O25: =+N25*$I25 -> 273284000 | P25: 0.09 | Q25: =+P25*$I25 -> 55899000 | R25: 0 | S25: =+R25*$I25 -> 0 | T25: 0 | U25: =+T25*$I25 -> 0 | Y25: =K25-'Dez25'!K25 -> 3991000 | Z25: =M25-'Dez25'!M25 -> -2886000 | AA25: =O25-'Dez25'!O25 -> -4884000 | AB25: =Q25-'Dez25'!Q25 -> -7321000 | AC25: =+S25-'Dez25'!S25 -> 0 | AE25: =J25-'Dez25'!J25 -> 0.01 | AF25: =L25-'Dez25'!L25 -> 0 | AG25: =N25-'Dez25'!N25 -> 0 | AH25: =P25-'Dez25'!P25 -> -0.01 | AI25: =R25-'Dez25'!R25 -> 0 | AK25: =I25-'Dez25'!I25 -> -11100000 | AL25: =I25/'Dez25'!I25-1 -> -0.017557735
B26: DPGE | F26: =J26+L26+N26+P26+R26+T26 -> 1 | H26: Absolute Creta | I26: 2065700000 | J26: 0.37 | K26: =+J26*$I26 -> 764309000 | L26: 0.19 | M26: =+L26*$I26 -> 392483000 | N26: 0.42 | O26: =+N26*$I26 -> 867594000 | P26: 0.02 | Q26: =+P26*$I26 -> 41314000 | R26: 0 | S26: =+R26*$I26 -> 0 | T26: 0 | U26: =+T26*$I26 -> 0 | Y26: =K26-'Dez25'!K26 -> -18389000 | Z26: =M26-'Dez25'!M26 -> 32865000 | AA26: =O26-'Dez25'!O26 -> 63742000 | AB26: =Q26-'Dez25'!Q26 -> -127918000 | AC26: =+S26-'Dez25'!S26 -> 0 | AE26: =J26-'Dez25'!J26 -> 0 | AF26: =L26-'Dez25'!L26 -> 0.02 | AG26: =N26-'Dez25'!N26 -> 0.04 | AH26: =P26-'Dez25'!P26 -> -0.06 | AI26: =R26-'Dez25'!R26 -> 0 | AK26: =I26-'Dez25'!I26 -> -49700000 | AL26: =I26/'Dez25'!I26-1 -> -0.023494375
F27: =J27+L27+N27+P27+R27+T27 -> 1 | H27: TOTAL | I27: =SUM(I17:I26) -> 7.9720821e+09 | J27: =K27/$I$27 -> 0.23310607 | K27: =SUM(K17:K26) -> 1.8583407e+09 | L27: =M27/$I$27 -> 0.25861992 | M27: =SUM(M17:M26) -> 2.0617392e+09 | N27: =O27/$I$27 -> 0.40357785 | O27: =SUM(O17:O26) -> 3.2173558e+09 | P27: =Q27/$I$27 -> 0.08605169 | Q27: =SUM(Q17:Q26) -> 6.8601114e+08 | R27: =S27/$I$27 -> 0 | S27: =SUM(S17:S26) -> 0 | T27: =U27/$I$27 -> 0.018644475 | U27: =SUM(U17:U26) -> 1.4863529e+08 | Y27: =K27-'Dez25'!K27 -> -1.310227e+08 | Z27: =M27-'Dez25'!M27 -> 74739079 | AA27: =O27-'Dez25'!O27 -> 2.2981362e+08 | AB27: =Q27-'Dez25'!Q27 -> -1.0256738e+08 | AC27: =+S27-'Dez25'!S27 -> 0 | AE27: =J27-'Dez25'!J27 -> -0.018568596 | AF27: =L27-'Dez25'!L27 -> 0.0072442319 | AG27: =N27-'Dez25'!N27 -> 0.025623446 | AH27: =P27-'Dez25'!P27 -> -0.013711497 | AI27: =R27-'Dez25'!R27 -> 0 | AK27: =I27-'Dez25'!I27 -> 67578005 | AL27: =I27/'Dez25'!I27-1 -> 0.0085493036
H29: Fundo D+60 | I29: PL | J29: Caixa | L29: Bancários | N29: Corporativo | P29: FIDC | R29: Bonds | T29: Outros | Y29: Δ Caixa | Z29: Δ Bancários | AA29: Δ Corporativo | AB29: Δ FIDC | AC29: Δ Bonds | AE29: Δ Caixa | AF29: Δ Bancários | AG29: Δ Corporativo | AH29: Δ FIDC | AI29: Δ Bonds
F30: =J30+L30+N30+P30+R30+T30 -> 1 | H30: Horizonte | I30: 2.2699104e+08 | J30: =12.73%+1.38% -> 0.1411 | K30: =+J30*$I30 -> 32028435 | L30: =10%+7.68%+2.99% -> 0.2067 | M30: =+L30*$I30 -> 46919047 | N30: =38.56%+1.85%+1.07%-0.55% -> 0.4093 | O30: =+N30*$I30 -> 92907431 | P30: 0.1577 | Q30: =+P30*$I30 -> 35796486 | R30: 0.057 | S30: =+R30*$I30 -> 12938489 | T30: 0.0282 | U30: =+T30*$I30 -> 6401147.2 | Y30: =K30-'Dez25'!K30 -> 1762398.5 | Z30: =M30-'Dez25'!M30 -> 629814.51 | AA30: =O30-'Dez25'!O30 -> -1000666.5 | AB30: =Q30-'Dez25'!Q30 -> 144312.07 | AC30: =+S30-'Dez25'!S30 -> -538122.98 | AE30: =J30-'Dez25'!J30 -> 0.0068 | AF30: =L30-'Dez25'!L30 -> 0.0013 | AG30: =N30-'Dez25'!N30 -> -0.0074 | AH30: =P30-'Dez25'!P30 -> -0.0005 | AI30: =R30-'Dez25'!R30 -> -0.0028 | AK30: =I30-'Dez25'!I30 -> 1629630.8 | AL30: =I30/'Dez25'!I30-1 -> 0.0072311884
F31: =J31+L31+N31+P31+R31+T31 -> 0 | H31: BTG PACTUAL CRED PLUS | K31: =+J31*$I31 -> 0 | M31: =+L31*$I31 -> 0 | O31: =+N31*$I31 -> 0 | Q31: =+P31*$I31 -> 0 | S31: =+R31*$I31 -> 0 | U31: =+T31*$I31 -> 0 | Y31: =K31-'Dez25'!K31 -> 0 | Z31: =M31-'Dez25'!M31 -> 0 | AA31: =O31-'Dez25'!O31 -> 0 | AB31: =Q31-'Dez25'!Q31 -> 0 | AC31: =+S31-'Dez25'!S31 -> 0 | AE31: =J31-'Dez25'!J31 -> 0 | AF31: =L31-'Dez25'!L31 -> 0 | AG31: =N31-'Dez25'!N31 -> 0 | AH31: =P31-'Dez25'!P31 -> 0 | AI31: =R31-'Dez25'!R31 -> 0 | AK31: =I31-'Dez25'!I31 -> 0 | AL31: =I31/'Dez25'!I31-1 -> #DIV/0!
F32: =J32+L32+N32+P32+R32+T32 -> 1 | H32: JGP Select | I32: 285321710 | J32: 0.08 | K32: =+J32*$I32 -> 22825737 | L32: 0.12 | M32: =+L32*$I32 -> 34238605 | N32: 0.5 | O32: =+N32*$I32 -> 142660855 | P32: 0.09 | Q32: =+P32*$I32 -> 25678954 | R32: 0.18 | S32: =+R32*$I32 -> 51357908 | T32: 0.03 | U32: =+T32*$I32 -> 8559651.3 | Y32: =K32-'Dez25'!K32 -> 956671.12 | Z32: =M32-'Dez25'!M32 -> 1435006.7 | AA32: =O32-'Dez25'!O32 -> 19647361 | AB32: =Q32-'Dez25'!Q32 -> 3809888.2 | AC32: =+S32-'Dez25'!S32 -> 2152510 | AE32: =J32-'Dez25'!J32 -> 0 | AF32: =L32-'Dez25'!L32 -> 0 | AG32: =N32-'Dez25'!N32 -> 0.05 | AH32: =P32-'Dez25'!P32 -> 0.01 | AI32: =R32-'Dez25'!R32 -> 0 | AK32: =I32-'Dez25'!I32 -> 11958389 | AL32: =I32/'Dez25'!I32-1 -> 0.043745404
F33: =J33+L33+N33+P33+R33+T33 -> 1 | H33: ARX Everest Advisory | I33: 462594490 | J33: 0.17 | K33: =+J33*$I33 -> 78641063 | L33: =9%+6%+3%+1% -> 0.19 | M33: =+L33*$I33 -> 87892953 | N33: 0.45 | O33: =+N33*$I33 -> 2.0816752e+08 | P33: 0.18 | Q33: =+P33*$I33 -> 83267008 | R33: 0 | S33: =+R33*$I33 -> 0 | T33: 0.01 | U33: =+T33*$I33 -> 4625944.9 | Y33: =K33-'Dez25'!K33 -> -4452927.8 | Z33: =M33-'Dez25'!M33 -> -9050036.5 | AA33: =O33-'Dez25'!O33 -> 14281541 | AB33: =Q33-'Dez25'!Q33 -> 173017.08 | AC33: =+S33-'Dez25'!S33 -> 0 | AE33: =J33-'Dez25'!J33 -> -0.01 | AF33: =L33-'Dez25'!L33 -> -0.02 | AG33: =N33-'Dez25'!N33 -> 0.03 | AH33: =P33-'Dez25'!P33 -> 0 | AI33: =R33-'Dez25'!R33 -> 0 | AK33: =I33-'Dez25'!I33 -> 961206 | AL33: =I33/'Dez25'!I33-1 -> 0.0020821852
F34: =J34+L34+N34+P34+R34+T34 -> 1 | H34: Polo Total | I34: 75500000 | J34: 0.04 | K34: =+J34*$I34 -> 3020000 | L34: 0.25 | M34: =+L34*$I34 -> 18875000 | N34: 0.54 | O34: =+N34*$I34 -> 40770000 | P34: 0.02 | Q34: =+P34*$I34 -> 1510000 | R34: 0.15 | S34: =+R34*$I34 -> 11325000 | T34: 0 | U34: =+T34*$I34 -> 0 | Y34: =K34-'Dez25'!K34 -> -3451000 | Z34: =M34-'Dez25'!M34 -> 5214000 | AA34: =O34-'Dez25'!O34 -> 2663000 | AB34: =Q34-'Dez25'!Q34 -> 72000 | AC34: =+S34-'Dez25'!S34 -> -898000 | AE34: =J34-'Dez25'!J34 -> -0.05 | AF34: =L34-'Dez25'!L34 -> 0.06 | AG34: =N34-'Dez25'!N34 -> 0.01 | AH34: =P34-'Dez25'!P34 -> 0 | AI34: =R34-'Dez25'!R34 -> -0.02 | AK34: =I34-'Dez25'!I34 -> 3600000 | AL34: =I34/'Dez25'!I34-1 -> 0.050069541
F35: =J35+L35+N35+P35+R35+T35 -> 1 | H35: Absolute Olimpia | I35: 333400000 | J35: 0.13 | K35: =+J35*$I35 -> 43342000 | L35: 0.03 | M35: =+L35*$I35 -> 10002000 | N35: 0.52 | O35: =+N35*$I35 -> 173368000 | P35: 0.16 | Q35: =+P35*$I35 -> 53344000 | R35: 0.16 | S35: =+R35*$I35 -> 53344000 | T35: 0 | U35: =+T35*$I35 -> 0 | Y35: =K35-'Dez25'!K35 -> 27032000 | Z35: =M35-'Dez25'!M35 -> 6740000 | AA35: =O35-'Dez25'!O35 -> 29840000 | AB35: =Q35-'Dez25'!Q35 -> -70612000 | AC35: =+S35-'Dez25'!S35 -> 14200000 | AE35: =J35-'Dez25'!J35 -> 0.08 | AF35: =L35-'Dez25'!L35 -> 0.02 | AG35: =N35-'Dez25'!N35 -> 0.08 | AH35: =P35-'Dez25'!P35 -> -0.22 | AI35: =R35-'Dez25'!R35 -> 0.04 | AK35: =I35-'Dez25'!I35 -> 7200000 | AL35: =I35/'Dez25'!I35-1 -> 0.022072348
F36: =J36+L36+N36+P36+R36+T36 -> 1 | H36: TOTAL | I36: =SUM(I30:I35) -> 1.3838072e+09 | J36: =+K36/$I$36 -> 0.12997275 | K36: =SUM(K30:K35) -> 1.7985724e+08 | L36: =+M36/$I$36 -> 0.1430312 | M36: =SUM(M30:M35) -> 1.9792761e+08 | N36: =+O36/$I$36 -> 0.47540856 | O36: =SUM(O30:O35) -> 6.5787381e+08 | P36: =+Q36/$I$36 -> 0.14423718 | Q36: =SUM(Q30:Q35) -> 1.9959645e+08 | R36: =+S36/$I$36 -> 0.093196071 | S36: =SUM(S30:S35) -> 1.289654e+08 | T36: =+U36/$I$36 -> 0.014154243 | U36: =SUM(U30:U35) -> 19586743 | Y36: =K36-'Dez25'!K36 -> 21847142 | Z36: =M36-'Dez25'!M36 -> 4968784.6 | AA36: =O36-'Dez25'!O36 -> 65431235 | AB36: =Q36-'Dez25'!Q36 -> -66412783 | AC36: =+S36-'Dez25'!S36 -> 14916387 | AE36: =J36-'Dez25'!J36 -> 0.013656979 | AF36: =L36-'Dez25'!L36 -> 0.00098866106 | AG36: =N36-'Dez25'!N36 -> 0.03929455 | AH36: =P36-'Dez25'!P36 -> -0.051579867 | AI36: =R36-'Dez25'!R36 -> 0.0092413153 | AK36: =I36-'Dez25'!I36 -> 25349226 | AL36: =I36/'Dez25'!I36-1 -> 0.018660294

Sheet Dez25
C2: LEGENDA: | H2: Fundo D+1 | I2: PL | J2: Caixa | L2: Bancários | N2: Corporativo | P2: FIDC | R2: FII | T2: Outros | W2: Obs: | Y2: Δ Caixa | Z2: Δ Bancários | AA2: Δ Corporativo | AB2: Δ FIDC | AC2: Δ FII | AE2: Δ Caixa | AF2: Δ Bancários | AG2: Δ Corporativo | AH2: Δ FIDC | AI2: Δ FII | AK2: Var. PL | AL2: % | AO2: LEGENDA:
B3: Bancário | C3: Corporativo | D3: Caixa | F3: =J3+L3+N3+P3+R3+T3 -> 1 | H3: Geraes | I3: 6.3710993e+08 | J3: 0.6224 | K3: =+J3*$I3 -> 3.9653722e+08 | L3: 0.1818 | M3: =+L3*$I3 -> 1.1582659e+08 | N3: 0.154 | O3: =+N3*$I3 -> 98114930 | P3: 0.0411 | Q3: =+P3*$I3 -> 26185218 | R3: 0 | S3: =+R3*$I3 -> 0 | T3: 0.0007 | U3: =+T3*$I3 -> 445976.95 | Y3: =K3-'Nov25'!K3 -> 5506074.9 | Z3: =M3-'Nov25'!M3 -> -806623.86 | AA3: =O3-'Nov25'!O3 -> -550630.41 | AB3: =Q3-'Nov25'!Q3 -> 2583114.1 | AC3: =+S3-'Nov25'!S3 -> 0 | AE3: =J3-'Nov25'!J3 -> -0.0022 | AF3: =L3-'Nov25'!L3 -> -0.0045 | AG3: =N3-'Nov25'!N3 -> -0.0036 | AH3: =P3-'Nov25'!P3 -> 0.0034 | AI3: =R3-'Nov25'!R3 -> 0 | AK3: =I3-'Nov25'!I3 -> 11059425 | AL3: =I3/'Nov25'!I3-1 -> 0.017665387 | AN3: Bancário: | AO3: Corporativo | AP3: Caixa
B4: CDB | C4: Debênture | D4: Compromissada | F4: =J4+L4+N4+P4+R4+T4 -> 1 | H4: ARX Denali | I4: 1719063601 | J4: 0.37 | K4: =+J4*$I4 -> 6.3605353e+08 | L4: 0.25 | M4: =+L4*$I4 -> 4.297659e+08 | N4: 0.25 | O4: =+N4*$I4 -> 4.297659e+08 | P4: 0.13 | Q4: =+P4*$I4 -> 2.2347827e+08 | R4: 0 | S4: =+R4*$I4 -> 0 | T4: 0 | U4: =+T4*$I4 -> 0 | Y4: =K4-'Nov25'!K4 -> -88428279 | Z4: =M4-'Nov25'!M4 -> -73687562 | AA4: =O4-'Nov25'!O4 -> 96469183 | AB4: =Q4-'Nov25'!Q4 -> 30517011 | AC4: =+S4-'Nov25'!S4 -> 0 | AE4: =J4-'Nov25'!J4 -> -0.043 | AF4: =L4-'Nov25'!L4 -> -0.037 | AG4: =N4-'Nov25'!N4 -> 0.06 | AH4: =P4-'Nov25'!P4 -> 0.02 | AI4: =R4-'Nov25'!R4 -> 0 | AK4: =I4-'Nov25'!I4 -> -35129646 | AL4: =I4/'Nov25'!I4-1 -> -0.020026098 | AN4: CDB | AO4: Debênture | AP4: Compromissada
B5: LF | C5: CRI | D5: Título Público | F5: =J5+L5+N5+P5+R5+T5 -> 1 | H5: Capitania Top | I5: 2.3707535e+08 | J5: 0.36 | K5: =+J5*$I5 -> 85347126 | L5: 0 | M5: =+L5*$I5 -> 0 | N5: 0.43 | O5: =+N5*$I5 -> 1.019424e+08 | P5: 0.09 | Q5: =+P5*$I5 -> 21336781 | R5: 0.12 | S5: =+R5*$I5 -> 28449042 | T5: 0 | U5: =+T5*$I5 -> 0 | Y5: =K5-'Nov25'!K5 -> 25910585 | Z5: =M5-'Nov25'!M5 -> 0 | AA5: =O5-'Nov25'!O5 -> 7834543.5 | AB5: =Q5-'Nov25'!Q5 -> 8954168.7 | AC5: =+S5-'Nov25'!S5 -> -48323157 | AE5: =J5-'Nov25'!J5 -> 0.12 | AF5: =L5-'Nov25'!L5 -> 0 | AG5: =N5-'Nov25'!N5 -> 0.05 | AH5: =P5-'Nov25'!P5 -> 0.04 | AI5: =R5-'Nov25'!R5 -> -0.19 | AK5: =I5-'Nov25'!I5 -> -10576905 | AL5: =I5/'Nov25'!I5-1 -> -0.042708697 | AN5: LF | AO5: CRI | AP5: Título Público
B6: LFSN | C6: CRA | F6: =J6+L6+N6+P6+R6+T6 -> 1 | H6: Riza Lotus | I6: 4024269000 | J6: 0.267 | K6: =+J6*$I6 -> 1074479823 | L6: 0.3 | M6: =+L6*$I6 -> 1207280700 | N6: 0.36 | O6: =+N6*$I6 -> 1448736840 | P6: 0.054 | Q6: =+P6*$I6 -> 217310526 | R6: 0 | S6: =+R6*$I6 -> 0 | T6: 0.019 | U6: =+T6*$I6 -> 76461111 | Y6: =K6-'Nov25'!K6 -> -29200650 | Z6: =M6-'Nov25'!M6 -> 1.9903125e+08 | AA6: =O6-'Nov25'!O6 -> -36667706 | AB6: =Q6-'Nov25'!Q6 -> 22299315 | AC6: =+S6-'Nov25'!S6 -> 0 | AE6: =J6-'Nov25'!J6 -> 0.001 | AF6: =L6-'Nov25'!L6 -> 0.057 | AG6: =N6-'Nov25'!N6 -> 0.002 | AH6: =P6-'Nov25'!P6 -> 0.007 | AI6: =R6-'Nov25'!R6 -> 0 | AK6: =I6-'Nov25'!I6 -> -124905710 | AL6: =I6/'Nov25'!I6-1 -> -0.030103748 | AN6: LFSN | AO6: CRA
B7: LFSC | C7: Nota Promissória | F7: =J7+L7+N7+P7+R7+T7 -> 1 | H7: Western Asset Total | I7: 3357830000 | J7: 0.248 | K7: =+J7*$I7 -> 832741840 | L7: 0.332 | M7: =+L7*$I7 -> 1114799560 | N7: 0.305 | O7: =+N7*$I7 -> 1024138150 | P7: 0.115 | Q7: =+P7*$I7 -> 386150450 | R7: 0 | S7: =+R7*$I7 -> 0 | T7: 0 | U7: =+T7*$I7 -> 0 | Y7: =K7-'Nov25'!K7 -> -1.068608e+08 | Z7: =M7-'Nov25'!M7 -> 23007760 | AA7: =O7-'Nov25'!O7 -> -4792910 | AB7: =Q7-'Nov25'!Q7 -> 138015950 | AC7: =+S7-'Nov25'!S7 -> 0 | AE7: =J7-'Nov25'!J7 -> -0.036 | AF7: =L7-'Nov25'!L7 -> 0.002 | AG7: =N7-'Nov25'!N7 -> -0.006 | AH7: =P7-'Nov25'!P7 -> 0.04 | AI7: =R7-'Nov25'!R7 -> 0 | AK7: =I7-'Nov25'!I7 -> 49370000 | AL7: =I7/'Nov25'!I7-1 -> 0.014922351 | AN7: LFSC | AO7: Nota Promissória
B8: DPGE | F8: =J8+L8+N8+P8+R8+T8 -> 1 | H8: Daycoval Classic | I8: 1.9023221e+08 | J8: 0.14 | K8: =+J8*$I8 -> 26632510 | L8: 0.41 | M8: =+L8*$I8 -> 77995207 | N8: 0.24 | O8: =+N8*$I8 -> 45655731 | P8: 0.09 | Q8: =+P8*$I8 -> 17120899 | R8: 0 | S8: =+R8*$I8 -> 0 | T8: 0.12 | U8: =+T8*$I8 -> 22827865 | Y8: =K8-'Nov25'!K8 -> -4431796 | Z8: =M8-'Nov25'!M8 -> -1607076.4 | AA8: =O8-'Nov25'!O8 -> -940727.63 | AB8: =Q8-'Nov25'!Q8 -> 1588746.2 | AC8: =+S8-'Nov25'!S8 -> 0 | AE8: =J8-'Nov25'!J8 -> -0.02 | AF8: =L8-'Nov25'!L8 -> 0 | AG8: =N8-'Nov25'!N8 -> 0 | AH8: =P8-'Nov25'!P8 -> 0.01 | AI8: =R8-'Nov25'!R8 -> 0 | AK8: =I8-'Nov25'!I8 -> -3919698.5 | AL8: =I8/'Nov25'!I8-1 -> -0.020188823 | AN8: DPGE
F9: =J9+L9+N9+P9+R9+T9 -> 1 | H9: Iridium Apollo | I9: 1563586068 | J9: 0.5925 | K9: =+J9*$I9 -> 9.2642475e+08 | L9: 0.1395 | M9: =+L9*$I9 -> 2.1812026e+08 | N9: 0.2079 | O9: =+N9*$I9 -> 3.2506954e+08 | P9: 0.0486 | Q9: =+P9*$I9 -> 75990283 | R9: 0 | S9: =+R9*$I9 -> 0 | T9: 0.0115 | U9: =+T9*$I9 -> 17981240 | Y9: =K9-'Nov25'!K9 -> -1.2468972e+08 | Z9: =M9-'Nov25'!M9 -> 2627241.6 | AA9: =O9-'Nov25'!O9 -> 43942497 | AB9: =Q9-'Nov25'!Q9 -> 11326212 | AC9: =+S9-'Nov25'!S9 -> 0 | AE9: =J9-'Nov25'!J9 -> -0.0577 | AF9: =L9-'Nov25'!L9 -> 0.0062 | AG9: =N9-'Nov25'!N9 -> 0.034 | AH9: =P9-'Nov25'!P9 -> 0.0086 | AI9: =R9-'Nov25'!R9 -> 0 | AK9: =I9-'Nov25'!I9 -> -53015694 | AL9: =I9/'Nov25'!I9-1 -> -0.032794529
F10: =J10+L10+N10+P10+R10+T10 -> 1 | H10: Porto Seguro FIRF | I10: 7.7081479e+09 | J10: 0.26 | K10: =+J10*$I10 -> 2.0041185e+09 | L10: 0.458 | M10: =+L10*$I10 -> 3.5303317e+09 | N10: 0.233 | O10: =+N10*$I10 -> 1.7959985e+09 | P10: 0.049 | Q10: =+P10*$I10 -> 3.7769925e+08 | R10: 0 | S10: =+R10*$I10 -> 0 | T10: 0 | U10: =+T10*$I10 -> 0 | Y10: =K10-'Nov25'!K10 -> -9.5513466e+08 | Z10: =M10-'Nov25'!M10 -> 5.9437983e+08 | AA10: =O10-'Nov25'!O10 -> 2.5035182e+08 | AB10: =Q10-'Nov25'!Q10 -> 51482368 | AC10: =+S10-'Nov25'!S10 -> 0 | AE10: =J10-'Nov25'!J10 -> -0.121 | AF10: =L10-'Nov25'!L10 -> 0.08 | AG10: =N10-'Nov25'!N10 -> 0.034 | AH10: =P10-'Nov25'!P10 -> 0.007 | AI10: =R10-'Nov25'!R10 -> 0 | AK10: =I10-'Nov25'!I10 -> -58920647 | AL10: =I10/'Nov25'!I10-1 -> -0.0075859568
F11: =J11+L11+N11+P11+R11+T11 -> 1 | H11: Nu Reserva Imediata | I11: 2.9982738e+09 | J11: 0.64 | K11: =+J11*$I11 -> 1.9188952e+09 | L11: 0.24 | M11: =+L11*$I11 -> 7.195857e+08 | N11: 0.12 | O11: =+N11*$I11 -> 3.5979285e+08 | P11: 0 | Q11: =+P11*$I11 -> 0 | R11: 0 | S11: =+R11*$I11 -> 0 | T11: 0 | U11: =+T11*$I11 -> 0 | Y11: =K11-'Nov25'!K11 -> 1690923.2 | Z11: =M11-'Nov25'!M11 -> 90503047 | AA11: =O11-'Nov25'!O11 -> -89551903 | AB11: =Q11-'Nov25'!Q11 -> 0 | AC11: =+S11-'Nov25'!S11 -> 0 | AE11: =J11-'Nov25'!J11 -> 0 | AF11: =L11-'Nov25'!L11 -> 0.03 | AG11: =N11-'Nov25'!N11 -> -0.03 | AH11: =P11-'Nov25'!P11 -> 0 | AI11: =R11-'Nov25'!R11 -> 0 | AK11: =I11-'Nov25'!I11 -> 2642067.5 | AL11: =I11/'Nov25'!I11-1 -> 0.0008819734
B12: Pegar fora da XP: | F12: =J12+L12+N12+P12+R12+T12 -> 1 | H12: Inter Conservador | I12: 1482530000 | J12: 0.291 | K12: =+J12*$I12 -> 431416230 | L12: 0.455 | M12: =+L12*$I12 -> 674551150 | N12: 0.229 | O12: =+N12*$I12 -> 339499370 | P12: 0.025 | Q12: =+P12*$I12 -> 37063250 | R12: 0 | S12: =+R12*$I12 -> 0 | T12: 0 | U12: =+T12*$I12 -> 0 | Y12: =K12-'Nov25'!K12 -> -15775770 | Z12: =M12-'Nov25'!M12 -> 42519790 | AA12: =O12-'Nov25'!O12 -> -34651270 | AB12: =Q12-'Nov25'!Q12 -> -202750 | AC12: =+S12-'Nov25'!S12 -> 0 | AE12: =J12-'Nov25'!J12 -> -0.009 | AF12: =L12-'Nov25'!L12 -> 0.031 | AG12: =N12-'Nov25'!N12 -> -0.022 | AH12: =P12-'Nov25'!P12 -> 0 | AI12: =R12-'Nov25'!R12 -> 0 | AK12: =I12-'Nov25'!I12 -> -8110000 | AL12: =I12/'Nov25'!I12-1 -> -0.0054406161
B13: NU Reserva Imediata | F13: =J13+L13+N13+P13+R13+T13 -> 1 | H13: Absolute Atenas | I13: 977700000 | J13: 0.46 | K13: =+J13*$I13 -> 449742000 | L13: 0.32 | M13: =+L13*$I13 -> 312864000 | N13: 0.15 | O13: =+N13*$I13 -> 146655000 | P13: 0.07 | Q13: =+P13*$I13 -> 68439000 | R13: 0 | S13: =+R13*$I13 -> 0 | T13: 0 | U13: =+T13*$I13 -> 0 | Y13: =K13-'Nov25'!K13 -> -92858000 | Z13: =M13-'Nov25'!M13 -> 9008000 | AA13: =O13-'Nov25'!O13 -> -26977000 | AB13: =Q13-'Nov25'!Q13 -> 3327000 | AC13: =+S13-'Nov25'!S13 -> 0 | AE13: =J13-'Nov25'!J13 -> -0.04 | AF13: =L13-'Nov25'!L13 -> 0.04 | AG13: =N13-'Nov25'!N13 -> -0.01 | AH13: =P13-'Nov25'!P13 -> 0.01 | AI13: =R13-'Nov25'!R13 -> 0 | AK13: =I13-'Nov25'!I13 -> -107500000 | AL13: =I13/'Nov25'!I13-1 -> -0.099060081
B14: JGP Select | F14: =J14+L14+N14+P14+R14+T14 -> 1 | H14: TOTAL | I14: =SUM(I3:I13) -> 2.4895818e+10 | J14: =K14/$I$14 -> 0.35276562 | K14: =SUM(K3:K13) -> 8.7823887e+09 | L14: =M14/$I$14 -> 0.33745109 | M14: =SUM(M3:M13) -> 8.4011208e+09 | N14: =O14/$I$14 -> 0.24563841 | O14: =SUM(O3:O13) -> 6.1153692e+09 | P14: =Q14/$I$14 -> 0.058273801 | Q14: =SUM(Q3:Q13) -> 1.4507739e+09 | R14: =S14/$I$14 -> 0.0011427237 | S14: =SUM(S3:S13) -> 28449042 | T14: =U14/$I$14 -> 0.0047283521 | U14: =SUM(U3:U13) -> 1.1771619e+08 | Y14: =K14-'Nov25'!K14 -> -1.3842721e+09 | Z14: =M14-'Nov25'!M14 -> 8.8497565e+08 | AA14: =O14-'Nov25'!O14 -> 2.044659e+08 | AB14: =Q14-'Nov25'!Q14 -> 2.6989114e+08 | AC14: =+S14-'Nov25'!S14 -> -48323157 | AE14: =J14-'Nov25'!J14 -> -0.050116542 | AF14: =L14-'Nov25'!L14 -> 0.039602965 | AG14: =N14-'Nov25'!N14 -> 0.011402457 | AH14: =P14-'Nov25'!P14 -> 0.011478041 | AI14: =R14-'Nov25'!R14 -> -0.0018995878 | AK14: =I14-'Nov25'!I14 -> -3.3900681e+08 | AL14: =I14/'Nov25'!I14-1 -> -0.013434086
B15: Absolute Olimpia
H16: Fundo D+30 | I16: PL | J16: Caixa | L16: Bancários | N16: Corporativo | P16: FIDC | R16: FII | T16: Outros | Y16: Δ Caixa | Z16: Δ Bancários | AA16: Δ Corporativo | AB16: Δ FIDC | AC16: Δ FII | AE16: Δ Caixa | AF16: Δ Bancários | AG16: Δ Corporativo | AH16: Δ FIDC | AI16: Δ FII
F17: =J17+L17+N17+P17+R17+T17 -> 1 | H17: Geraes 30 | I17: 3.637151e+08 | J17: 0.4242 | K17: =+J17*$I17 -> 1.5428795e+08 | L17: 0.2184 | M17: =+L17*$I17 -> 79435379 | N17: 0.2382 | O17: =+N17*$I17 -> 86636938 | P17: 0.0634 | Q17: =+P17*$I17 -> 23059538 | R17: 0 | S17: =+R17*$I17 -> 0 | T17: 0.0558 | U17: =+T17*$I17 -> 20295303 | Y17: =K17-'Nov25'!K17 -> -5931596.2 | Z17: =M17-'Nov25'!M17 -> 1867621.6 | AA17: =O17-'Nov25'!O17 -> -989933.95 | AB17: =Q17-'Nov25'!Q17 -> 2977622.9 | AC17: =+S17-'Nov25'!S17 -> 0 | AE17: =J17-'Nov25'!J17 -> -0.017 | AF17: =L17-'Nov25'!L17 -> 0.0048 | AG17: =N17-'Nov25'!N17 -> -0.0031 | AH17: =P17-'Nov25'!P17 -> 0.0081 | AI17: =R17-'Nov25'!R17 -> 0 | AK17: =I17-'Nov25'!I17 -> 570173.53 | AL17: =I17/'Nov25'!I17-1 -> 0.0015700991
F18: =J18+L18+N18+P18+R18+T18 -> 1 | H18: Daycoval Classic 30 | I18: 824164324 | J18: 0.08 | K18: =+J18*$I18 -> 65933146 | L18: 0.26 | M18: =+L18*$I18 -> 2.1428272e+08 | N18: 0.37 | O18: =+N18*$I18 -> 3.049408e+08 | P18: 0.17 | Q18: =+P18*$I18 -> 1.4010794e+08 | R18: 0 | S18: =+R18*$I18 -> 0 | T18: 0.12 | U18: =+T18*$I18 -> 98899719 | Y18: =K18-'Nov25'!K18 -> -18974369 | Z18: =M18-'Nov25'!M18 -> 18995440 | AA18: =O18-'Nov25'!O18 -> -26198507 | AB18: =Q18-'Nov25'!Q18 -> -4234839.9 | AC18: =+S18-'Nov25'!S18 -> 0 | AE18: =J18-'Nov25'!J18 -> -0.02 | AF18: =L18-'Nov25'!L18 -> 0.03 | AG18: =N18-'Nov25'!N18 -> -0.02 | AH18: =P18-'Nov25'!P18 -> 0 | AI18: =R18-'Nov25'!R18 -> 0 | AK18: =I18-'Nov25'!I18 -> -24910823 | AL18: =I18/'Nov25'!I18-1 -> -0.029338773
F19: =J19+L19+N19+P19+R19+T19 -> 1 | H19: Riza Lotus Plus | I19: 580802920 | J19: 0.097 | K19: =+J19*$I19 -> 56337883 | L19: 0.331 | M19: =+L19*$I19 -> 1.9224577e+08 | N19: 0.44 | O19: =+N19*$I19 -> 2.5555328e+08 | P19: 0.081 | Q19: =+P19*$I19 -> 47045037 | R19: 0 | S19: =+R19*$I19 -> 0 | T19: 0.051 | U19: =+T19*$I19 -> 29620949 | Y19: =K19-'Nov25'!K19 -> -30711008 | Z19: =M19-'Nov25'!M19 -> 33260638 | AA19: =O19-'Nov25'!O19 -> -1966353 | AB19: =Q19-'Nov25'!Q19 -> 2311578.3 | AC19: =+S19-'Nov25'!S19 -> 0 | AE19: =J19-'Nov25'!J19 -> -0.047 | AF19: =L19-'Nov25'!L19 -> 0.068 | AG19: =N19-'Nov25'!N19 -> 0.014 | AH19: =P19-'Nov25'!P19 -> 0.007 | AI19: =R19-'Nov25'!R19 -> 0 | AK19: =I19-'Nov25'!I19 -> -23703272 | AL19: =I19/'Nov25'!I19-1 -> -0.039210966
C20: LEGENDA: | F20: =J20+L20+N20+P20+R20+T20 -> 1 | H20: ARX Vinson Advisory | I20: 1275938985 | J20: 0.25 | K20: =+J20*$I20 -> 3.1898475e+08 | L20: 0.28 | M20: =+L20*$I20 -> 3.5726292e+08 | N20: 0.29 | O20: =+N20*$I20 -> 3.7002231e+08 | P20: 0.18 | Q20: =+P20*$I20 -> 2.2966902e+08 | R20: 0 | S20: =+R20*$I20 -> 0 | T20: 0 | U20: =+T20*$I20 -> 0 | Y20: =K20-'Nov25'!K20 -> -3275994.2 | Z20: =M20-'Nov25'!M20 -> -16559543 | AA20: =O20-'Nov25'!O20 -> -16690583 | AB20: =Q20-'Nov25'!Q20 -> 23422143 | AC20: =+S20-'Nov25'!S20 -> 0 | AE20: =J20-'Nov25'!J20 -> 0 | AF20: =L20-'Nov25'!L20 -> -0.01 | AG20: =N20-'Nov25'!N20 -> -0.01 | AH20: =P20-'Nov25'!P20 -> 0.02 | AI20: =R20-'Nov25'!R20 -> 0 | AK20: =I20-'Nov25'!I20 -> -13103977 | AL20: =I20/'Nov25'!I20-1 -> -0.010165664
B21: Bancário: | C21: Corporativo | D21: Caixa | F21: =J21+L21+N21+P21+R21+T21 -> 1 | H21: Sparta Max Advisory | I21: 158800000 | J21: 0.25 | K21: =+J21*$I21 -> 39700000 | L21: 0.16 | M21: =+L21*$I21 -> 25408000 | N21: 0.46 | O21: =+N21*$I21 -> 73048000 | P21: 0.13 | Q21: =+P21*$I21 -> 20644000 | R21: 0 | S21: =+R21*$I21 -> 0 | T21: 0 | U21: =+T21*$I21 -> 0 | Y21: =K21-'Nov25'!K21 -> -2524000 | Z21: =M21-'Nov25'!M21 -> 1048000 | AA21: =O21-'Nov25'!O21 -> -3280000 | AB21: =Q21-'Nov25'!Q21 -> 1156000 | AC21: =+S21-'Nov25'!S21 -> 0 | AE21: =J21-'Nov25'!J21 -> -0.01 | AF21: =L21-'Nov25'!L21 -> 0.01 | AG21: =N21-'Nov25'!N21 -> -0.01 | AH21: =P21-'Nov25'!P21 -> 0.01 | AI21: =R21-'Nov25'!R21 -> 0 | AK21: =I21-'Nov25'!I21 -> -3600000 | AL21: =I21/'Nov25'!I21-1 -> -0.022167488
B22: CDB | C22: Debênture | D22: Compromissada | F22: =J22+L22+N22+P22+R22+T22 -> 1 | H22: Polo Crédito Corporativo | I22: 1207200000 | J22: 0.24 | K22: =+J22*$I22 -> 289728000 | L22: 0.27 | M22: =+L22*$I22 -> 325944000 | N22: 0.47 | O22: =+N22*$I22 -> 567384000 | P22: 0.02 | Q22: =+P22*$I22 -> 24144000 | R22: 0 | S22: =+R22*$I22 -> 0 | T22: 0 | U22: =+T22*$I22 -> 0 | Y22: =K22-'Nov25'!K22 -> -14232000 | Z22: =M22-'Nov25'!M22 -> -3346000 | AA22: =O22-'Nov25'!O22 -> -40536000 | AB22: =Q22-'Nov25'!Q22 -> -1186000 | AC22: =+S22-'Nov25'!S22 -> 0 | AE22: =J22-'Nov25'!J22 -> 0 | AF22: =L22-'Nov25'!L22 -> 0.01 | AG22: =N22-'Nov25'!N22 -> -0.01 | AH22: =P22-'Nov25'!P22 -> 0 | AI22: =R22-'Nov25'!R22 -> 0 | AK22: =I22-'Nov25'!I22 -> -59300000 | AL22: =I22/'Nov25'!I22-1 -> -0.04682195
B23: LF | C23: CRI | D23: Título Público | F23: =J23+L23+N23+P23+R23+T23 -> 1 | H23: Iridium Titan Advisory | I23: 224050883 | J23: 0.4785 | K23: =+J23*$I23 -> 1.0720835e+08 | L23: 0.1119 | M23: =+L23*$I23 -> 25071294 | N23: 0.2978 | O23: =+N23*$I23 -> 66722353 | P23: 0.0975 | Q23: =+P23*$I23 -> 21844961 | R23: 0 | S23: =+R23*$I23 -> 0 | T23: 0.0143 | U23: =+T23*$I23 -> 3203927.6 | Y23: =K23-'Nov25'!K23 -> -21459659 | Z23: =M23-'Nov25'!M23 -> 266719.85 | AA23: =O23-'Nov25'!O23 -> 8509404.5 | AB23: =Q23-'Nov25'!Q23 -> 5781482.4 | AC23: =+S23-'Nov25'!S23 -> 0 | AE23: =J23-'Nov25'!J23 -> -0.0838 | AF23: =L23-'Nov25'!L23 -> 0.0035 | AG23: =N23-'Nov25'!N23 -> 0.0434 | AH23: =P23-'Nov25'!P23 -> 0.0273 | AI23: =R23-'Nov25'!R23 -> 0 | AK23: =I23-'Nov25'!I23 -> -4773600 | AL23: =I23/'Nov25'!I23-1 -> -0.020861404
B24: LFSN | C24: CRA | F24: =J24+L24+N24+P24+R24+T24 -> 1 | H24: Porto Seguro Ipê | I24: 5.222319e+08 | J24: 0.092 | K24: =+J24*$I24 -> 48045335 | L24: 0.466 | M24: =+L24*$I24 -> 2.4336007e+08 | N24: 0.347 | O24: =+N24*$I24 -> 1.8121447e+08 | P24: 0.095 | Q24: =+P24*$I24 -> 49612031 | R24: 0 | S24: =+R24*$I24 -> 0 | T24: 0 | U24: =+T24*$I24 -> 0 | Y24: =K24-'Nov25'!K24 -> -20371689 | Z24: =M24-'Nov25'!M24 -> 16173766 | AA24: =O24-'Nov25'!O24 -> 3643568.6 | AB24: =Q24-'Nov25'!Q24 -> 518899.13 | AC24: =+S24-'Nov25'!S24 -> 0 | AE24: =J24-'Nov25'!J24 -> -0.039 | AF24: =L24-'Nov25'!L24 -> 0.031 | AG24: =N24-'Nov25'!N24 -> 0.007 | AH24: =P24-'Nov25'!P24 -> 0.001 | AI24: =R24-'Nov25'!R24 -> 0 | AK24: =I24-'Nov25'!I24 -> -35455.02 | AL24: =I24/'Nov25'!I24-1 -> -6.7886724e-05
B25: LFSC | C25: Nota Promissória | F25: =J25+L25+N25+P25+R25+T25 -> 1 | H25: Sparta Top Advisory | I25: 632200000 | J25: 0.2 | K25: =+J25*$I25 -> 126440000 | L25: 0.26 | M25: =+L25*$I25 -> 164372000 | N25: 0.44 | O25: =+N25*$I25 -> 278168000 | P25: 0.1 | Q25: =+P25*$I25 -> 63220000 | R25: 0 | S25: =+R25*$I25 -> 0 | T25: 0 | U25: =+T25*$I25 -> 0 | Y25: =K25-'Nov25'!K25 -> -42310000 | Z25: =M25-'Nov25'!M25 -> 9122000 | AA25: =O25-'Nov25'!O25 -> -12082000 | AB25: =Q25-'Nov25'!Q25 -> 2470000 | AC25: =+S25-'Nov25'!S25 -> 0 | AE25: =J25-'Nov25'!J25 -> -0.05 | AF25: =L25-'Nov25'!L25 -> 0.03 | AG25: =N25-'Nov25'!N25 -> 0.01 | AH25: =P25-'Nov25'!P25 -> 0.01 | AI25: =R25-'Nov25'!R25 -> 0 | AK25: =I25-'Nov25'!I25 -> -42800000 | AL25: =I25/'Nov25'!I25-1 -> -0.063407407
B26: DPGE | F26: =J26+L26+N26+P26+R26+T26 -> 1 | H26: Absolute Creta | I26: 2115400000 | J26: 0.37 | K26: =+J26*$I26 -> 782698000 | L26: 0.17 | M26: =+L26*$I26 -> 359618000 | N26: 0.38 | O26: =+N26*$I26 -> 803852000 | P26: 0.08 | Q26: =+P26*$I26 -> 169232000 | R26: 0 | S26: =+R26*$I26 -> 0 | T26: 0 | U26: =+T26*$I26 -> 0 | Y26: =K26-'Nov25'!K26 -> -30768000 | Z26: =M26-'Nov25'!M26 -> -4301000 | AA26: =O26-'Nov25'!O26 -> -9614000 | AB26: =Q26-'Nov25'!Q26 -> 19383000 | AC26: =+S26-'Nov25'!S26 -> 0 | AE26: =J26-'Nov25'!J26 -> -0.01 | AF26: =L26-'Nov25'!L26 -> 0 | AG26: =N26-'Nov25'!N26 -> 0 | AH26: =P26-'Nov25'!P26 -> 0.01 | AI26: =R26-'Nov25'!R26 -> 0 | AK26: =I26-'Nov25'!I26 -> -25300000 | AL26: =I26/'Nov25'!I26-1 -> -0.011818564
F27: =J27+L27+N27+P27+R27+T27 -> 1 | H27: TOTAL | I27: =SUM(I17:I26) -> 7.9045041e+09 | J27: =K27/$I$27 -> 0.25167466 | K27: =SUM(K17:K26) -> 1.9893634e+09 | L27: =M27/$I$27 -> 0.25137569 | M27: =SUM(M17:M26) -> 1.9870001e+09 | N27: =O27/$I$27 -> 0.37795441 | O27: =SUM(O17:O26) -> 2.9875422e+09 | P27: =Q27/$I$27 -> 0.099763186 | Q27: =SUM(Q17:Q26) -> 7.8857852e+08 | R27: =S27/$I$27 -> 0 | S27: =SUM(S17:S26) -> 0 | T27: =U27/$I$27 -> 0.01923206 | U27: =SUM(U17:U26) -> 1.520199e+08 | Y27: =K27-'Nov25'!K27 -> -1.9055832e+08 | Z27: =M27-'Nov25'!M27 -> 56527643 | AA27: =O27-'Nov25'!O27 -> -99204404 | AB27: =Q27-'Nov25'!Q27 -> 52599886 | AC27: =+S27-'Nov25'!S27 -> 0 | AE27: =J27-'Nov25'!J27 -> -0.01740294 | AF27: =L27-'Nov25'!L27 -> 0.013088729 | AG27: =N27-'Nov25'!N27 -> -0.0030566901 | AH27: =P27-'Nov25'!P27 -> 0.0089180135 | AI27: =R27-'Nov25'!R27 -> 0 | AK27: =I27-'Nov25'!I27 -> -1.9695695e+08 | AL27: =I27/'Nov25'!I27-1 -> -0.024311288
H29: Fundo D+60 | I29: PL | J29: Caixa | L29: Bancários | N29: Corporativo | P29: FIDC | R29: Bonds | T29: Outros | Y29: Δ Caixa | Z29: Δ Bancários | AA29: Δ Corporativo | AB29: Δ FIDC | AC29: Δ Bonds | AE29: Δ Caixa | AF29: Δ Bancários | AG29: Δ Corporativo | AH29: Δ FIDC | AI29: Δ Bonds
F30: =J30+L30+N30+P30+R30+T30 -> 1 | H30: Horizonte | I30: 2.2536141e+08 | J30: 0.1343 | K30: =+J30*$I30 -> 30266037 | L30: 0.2054 | M30: =+L30*$I30 -> 46289233 | N30: 0.4167 | O30: =+N30*$I30 -> 93908097 | P30: 0.1582 | Q30: =+P30*$I30 -> 35652174 | R30: 0.0598 | S30: =+R30*$I30 -> 13476612 | T30: 0.0256 | U30: =+T30*$I30 -> 5769252 | Y30: =K30-'Nov25'!K30 -> -2316992.9 | Z30: =M30-'Nov25'!M30 -> 467250.75 | AA30: =O30-'Nov25'!O30 -> -2029580.5 | AB30: =Q30-'Nov25'!Q30 -> 4209662.6 | AC30: =+S30-'Nov25'!S30 -> 394201.39 | AE30: =J30-'Nov25'!J30 -> -0.0114 | AF30: =L30-'Nov25'!L30 -> 0.0005 | AG30: =N30-'Nov25'!N30 -> -0.0123 | AH30: =P30-'Nov25'!P30 -> 0.0176 | AI30: =R30-'Nov25'!R30 -> 0.0013 | AK30: =I30-'Nov25'!I30 -> 1730454.1 | AL30: =I30/'Nov25'!I30-1 -> 0.0077379902
F31: =J31+L31+N31+P31+R31+T31 -> 0 | H31: BTG PACTUAL CRED PLUS | J31: 0 | K31: =+J31*$I31 -> 0 | L31: 0 | M31: =+L31*$I31 -> 0 | N31: 0 | O31: =+N31*$I31 -> 0 | P31: 0 | Q31: =+P31*$I31 -> 0 | R31: 0 | S31: =+R31*$I31 -> 0 | T31: 0 | U31: =+T31*$I31 -> 0 | Y31: =K31-'Nov25'!K31 -> 0 | Z31: =M31-'Nov25'!M31 -> 0 | AA31: =O31-'Nov25'!O31 -> 0 | AB31: =Q31-'Nov25'!Q31 -> 0 | AC31: =+S31-'Nov25'!S31 -> 0 | AE31: =J31-'Nov25'!J31 -> 0 | AF31: =L31-'Nov25'!L31 -> 0 | AG31: =N31-'Nov25'!N31 -> 0 | AH31: =P31-'Nov25'!P31 -> 0 | AI31: =R31-'Nov25'!R31 -> 0 | AK31: =I31-'Nov25'!I31 -> 0 | AL31: =I31/'Nov25'!I31-1 -> #DIV/0!
F32: =J32+L32+N32+P32+R32+T32 -> 1 | H32: JGP Select | I32: 273363321 | J32: 0.08 | K32: =+J32*$I32 -> 21869066 | L32: 0.12 | M32: =+L32*$I32 -> 32803599 | N32: 0.45 | O32: =+N32*$I32 -> 1.2301349e+08 | P32: 0.08 | Q32: =+P32*$I32 -> 21869066 | R32: 0.18 | S32: =+R32*$I32 -> 49205398 | T32: 0.09 | U32: =+T32*$I32 -> 24602699 | Y32: =K32-'Nov25'!K32 -> 9683437.5 | Z32: =M32-'Nov25'!M32 -> 3558091 | AA32: =O32-'Nov25'!O32 -> 8468589.8 | AB32: =Q32-'Nov25'!Q32 -> 2372060.6 | AC32: =+S32-'Nov25'!S32 -> 462885.18 | AE32: =J32-'Nov25'!J32 -> 0.03 | AF32: =L32-'Nov25'!L32 -> 0 | AG32: =N32-'Nov25'!N32 -> -0.02 | AH32: =P32-'Nov25'!P32 -> 0 | AI32: =R32-'Nov25'!R32 -> -0.02 | AK32: =I32-'Nov25'!I32 -> 29650758 | AL32: =I32/'Nov25'!I32-1 -> 0.12166282
F33: =J33+L33+N33+P33+R33+T33 -> 1 | H33: ARX Everest Advisory | I33: 461633284 | J33: 0.18 | K33: =+J33*$I33 -> 83093991 | L33: 0.21 | M33: =+L33*$I33 -> 96942990 | N33: 0.42 | O33: =+N33*$I33 -> 1.9388598e+08 | P33: 0.18 | Q33: =+P33*$I33 -> 83093991 | R33: 0 | S33: =+R33*$I33 -> 0 | T33: 0.01 | U33: =+T33*$I33 -> 4616332.8 | Y33: =K33-'Nov25'!K33 -> 7967795.9 | Z33: =M33-'Nov25'!M33 -> 3035245.6 | AA33: =O33-'Nov25'!O33 -> -22101832 | AB33: =Q33-'Nov25'!Q33 -> -1422978.5 | AC33: =+S33-'Nov25'!S33 -> 0 | AE33: =J33-'Nov25'!J33 -> 0.02 | AF33: =L33-'Nov25'!L33 -> 0.01 | AG33: =N33-'Nov25'!N33 -> -0.04 | AH33: =P33-'Nov25'!P33 -> 0 | AI33: =R33-'Nov25'!R33 -> 0 | AK33: =I33-'Nov25'!I33 -> -7905436 | AL33: =I33/'Nov25'!I33-1 -> -0.016836601
F34: =J34+L34+N34+P34+R34+T34 -> 1 | H34: Polo Total | I34: 71900000 | J34: 0.09 | K34: =+J34*$I34 -> 6471000 | L34: 0.19 | M34: =+L34*$I34 -> 13661000 | N34: 0.53 | O34: =+N34*$I34 -> 38107000 | P34: 0.02 | Q34: =+P34*$I34 -> 1438000 | R34: 0.17 | S34: =+R34*$I34 -> 12223000 | T34: 0 | U34: =+T34*$I34 -> 0 | Y34: =K34-'Nov25'!K34 -> 2786000 | Z34: =M34-'Nov25'!M34 -> 1869000 | AA34: =O34-'Nov25'!O34 -> -4639000 | AB34: =Q34-'Nov25'!Q34 -> -36000 | AC34: =+S34-'Nov25'!S34 -> -306000 | AE34: =J34-'Nov25'!J34 -> 0.04 | AF34: =L34-'Nov25'!L34 -> 0.03 | AG34: =N34-'Nov25'!N34 -> -0.05 | AH34: =P34-'Nov25'!P34 -> 0 | AI34: =R34-'Nov25'!R34 -> 0 | AK34: =I34-'Nov25'!I34 -> -1800000 | AL34: =I34/'Nov25'!I34-1 -> -0.024423338
F35: =J35+L35+N35+P35+R35+T35 -> 1 | H35: Absolute Olimpia | I35: 326200000 | J35: 0.05 | K35: =+J35*$I35 -> 16310000 | L35: 0.01 | M35: =+L35*$I35 -> 3262000 | N35: 0.44 | O35: =+N35*$I35 -> 143528000 | P35: 0.38 | Q35: =+P35*$I35 -> 123956000 | R35: 0.12 | S35: =+R35*$I35 -> 39144000 | T35: 0 | U35: =+T35*$I35 -> 0 | Y35: =K35-'Nov25'!K35 -> 2686000 | Z35: =M35-'Nov25'!M35 -> -3550000 | AA35: =O35-'Nov25'!O35 -> -2930000 | AB35: =Q35-'Nov25'!Q35 -> -8878000 | AC35: =+S35-'Nov25'!S35 -> -1728000 | AE35: =J35-'Nov25'!J35 -> 0.01 | AF35: =L35-'Nov25'!L35 -> -0.01 | AG35: =N35-'Nov25'!N35 -> 0.01 | AH35: =P35-'Nov25'!P35 -> -0.01 | AI35: =R35-'Nov25'!R35 -> 0 | AK35: =I35-'Nov25'!I35 -> -14400000 | AL35: =I35/'Nov25'!I35-1 -> -0.042278332
F36: =J36+L36+N36+P36+R36+T36 -> 1 | H36: TOTAL | I36: =SUM(I30:I35) -> 1.358458e+09 | J36: =+K36/$I$36 -> 0.11631577 | K36: =SUM(K30:K35) -> 1.5801009e+08 | L36: =+M36/$I$36 -> 0.14204254 | M36: =SUM(M30:M35) -> 1.9295882e+08 | N36: =+O36/$I$36 -> 0.43611401 | O36: =SUM(O30:O35) -> 5.9244257e+08 | P36: =+Q36/$I$36 -> 0.19581704 | Q36: =SUM(Q30:Q35) -> 2.6600923e+08 | R36: =+S36/$I$36 -> 0.083954755 | S36: =SUM(S30:S35) -> 1.1404901e+08 | T36: =+U36/$I$36 -> 0.025755882 | U36: =SUM(U30:U35) -> 34988284 | Y36: =K36-'Nov25'!K36 -> 20806241 | Z36: =M36-'Nov25'!M36 -> 5379587.3 | AA36: =O36-'Nov25'!O36 -> -23231823 | AB36: =Q36-'Nov25'!Q36 -> -3755255.3 | AC36: =+S36-'Nov25'!S36 -> -1176913.4 | AE36: =J36-'Nov25'!J36 -> 0.014772214 | AF36: =L36-'Nov25'!L36 -> 0.0032165296 | AG36: =N36-'Nov25'!N36 -> -0.019542065 | AH36: =P36-'Nov25'!P36 -> -0.0038336622 | AI36: =R36-'Nov25'!R36 -> -0.0013231002 | AK36: =I36-'Nov25'!I36 -> 7275776.1 | AL36: =I36/'Nov25'!I36-1 -> 0.0053847482

Sheet Nov25
C2: LEGENDA: | H2: Fundo D+1 | I2: PL | J2: Caixa | L2: Bancários | N2: Corporativo | P2: FIDC | R2: FII | T2: Outros | W2: Obs: | Y2: Δ Caixa | Z2: Δ Bancários | AA2: Δ Corporativo | AB2: Δ FIDC | AC2: Δ FII | AE2: Δ Caixa | AF2: Δ Bancários | AG2: Δ Corporativo | AH2: Δ FIDC | AI2: Δ FII | AK2: Var. PL | AL2: % | AO2: LEGENDA:
B3: Bancário | C3: Corporativo | D3: Caixa | F3: =J3+L3+N3+P3+R3+T3 -> 1 | H3: Geraes | I3: 6.2605051e+08 | J3: 0.6246 | K3: =+J3*$I3 -> 3.9103115e+08 | L3: 0.1863 | M3: =+L3*$I3 -> 1.1663321e+08 | N3: 0.1576 | O3: =+N3*$I3 -> 98665560 | P3: 0.0377 | Q3: =+P3*$I3 -> 23602104 | R3: 0 | S3: =+R3*$I3 -> 0 | T3: -0.0062 | U3: =+T3*$I3 -> -3881513.2 | Y3: =K3-'Out25'!K3 -> 1.0558956e+08 | Z3: =M3-'Out25'!M3 -> -6795230.4 | AA3: =O3-'Out25'!O3 -> -3978298.1 | AB3: =Q3-'Out25'!Q3 -> 1645058.7 | AC3: =+S3-'Out25'!S3 -> 0 | AE3: =J3-'Out25'!J3 -> 0.089 | AF3: =L3-'Out25'!L3 -> -0.0453 | AG3: =N3-'Out25'!N3 -> -0.035 | AH3: =P3-'Out25'!P3 -> -0.0035 | AI3: =R3-'Out25'!R3 -> 0 | AK3: =I3-'Out25'!I3 -> 93112512 | AL3: =I3/'Out25'!I3-1 -> 0.17471547 | AN3: Bancário: | AO3: Corporativo | AP3: Caixa
B4: CDB | C4: Debênture | D4: Compromissada | F4: =J4+L4+N4+P4+R4+T4 -> 1 | H4: ARX Denali | I4: 1754193247 | J4: 0.413 | K4: =+J4*$I4 -> 7.2448181e+08 | L4: 0.287 | M4: =+L4*$I4 -> 5.0345346e+08 | N4: 0.19 | O4: =+N4*$I4 -> 3.3329672e+08 | P4: 0.11 | Q4: =+P4*$I4 -> 1.9296126e+08 | R4: 0 | S4: =+R4*$I4 -> 0 | T4: 0 | U4: =+T4*$I4 -> 0 | Y4: =K4-'Out25'!K4 -> -21581376 | Z4: =M4-'Out25'!M4 -> 1.3042187e+08 | AA4: =O4-'Out25'!O4 -> -93025104 | AB4: =Q4-'Out25'!Q4 -> -2436244.1 | AC4: =+S4-'Out25'!S4 -> 0 | AE4: =J4-'Out25'!J4 -> -0.007 | AF4: =L4-'Out25'!L4 -> 0.077 | AG4: =N4-'Out25'!N4 -> -0.05 | AH4: =P4-'Out25'!P4 -> 0 | AI4: =R4-'Out25'!R4 -> 0 | AK4: =I4-'Out25'!I4 -> -22147674 | AL4: =I4/'Out25'!I4-1 -> -0.012468144 | AN4: CDB | AO4: Debênture | AP4: Compromissada
B5: LF | C5: CRI | D5: Título Público | F5: =J5+L5+N5+P5+R5+T5 -> 1 | H5: Capitania Top | I5: 2.4765225e+08 | J5: 0.24 | K5: =+J5*$I5 -> 59436541 | L5: 0 | M5: =+L5*$I5 -> 0 | N5: 0.38 | O5: =+N5*$I5 -> 94107857 | P5: 0.05 | Q5: =+P5*$I5 -> 12382613 | R5: 0.31 | S5: =+R5*$I5 -> 76772199 | T5: 0.02 | U5: =+T5*$I5 -> 4953045.1 | Y5: =K5-'Out25'!K5 -> -49039053 | Z5: =M5-'Out25'!M5 -> 0 | AA5: =O5-'Out25'!O5 -> 6294280.4 | AB5: =Q5-'Out25'!Q5 -> -531148.49 | AC5: =+S5-'Out25'!S5 -> 38030915 | AE5: =J5-'Out25'!J5 -> -0.18 | AF5: =L5-'Out25'!L5 -> 0 | AG5: =N5-'Out25'!N5 -> 0.04 | AH5: =P5-'Out25'!P5 -> 0 | AI5: =R5-'Out25'!R5 -> 0.16 | AK5: =I5-'Out25'!I5 -> -10622970 | AL5: =I5/'Out25'!I5-1 -> -0.041130425 | AN5: LF | AO5: CRI | AP5: Título Público
B6: LFSN | C6: CRA | F6: =J6+L6+N6+P6+R6+T6 -> 1 | H6: Riza Lotus | I6: 4149174710 | J6: 0.266 | K6: =+J6*$I6 -> 1.1036805e+09 | L6: 0.243 | M6: =+L6*$I6 -> 1.0082495e+09 | N6: 0.358 | O6: =+N6*$I6 -> 1.4854045e+09 | P6: 0.047 | Q6: =+P6*$I6 -> 1.9501121e+08 | R6: 0 | S6: =+R6*$I6 -> 0 | T6: 0.086 | U6: =+T6*$I6 -> 3.5682903e+08 | Y6: =K6-'Out25'!K6 -> 19984543 | Z6: =M6-'Out25'!M6 -> -57967509 | AA6: =O6-'Out25'!O6 -> -3.9795411e+08 | AB6: =Q6-'Out25'!Q6 -> -23475871 | AC6: =+S6-'Out25'!S6 -> 0 | AE6: =J6-'Out25'!J6 -> 0.018 | AF6: =L6-'Out25'!L6 -> -0.001 | AG6: =N6-'Out25'!N6 -> -0.073 | AH6: =P6-'Out25'!P6 -> -0.003 | AI6: =R6-'Out25'!R6 -> 0 | AK6: =I6-'Out25'!I6 -> -220566944 | AL6: =I6/'Out25'!I6-1 -> -0.050475969 | AN6: LFSN | AO6: CRA
B7: LFSC | C7: Nota Promissória | F7: =J7+L7+N7+P7+R7+T7 -> 1 | H7: Western Asset Total | I7: 3308460000 | J7: 0.284 | K7: =+J7*$I7 -> 9.3960264e+08 | L7: 0.33 | M7: =+L7*$I7 -> 1091791800 | N7: 0.311 | O7: =+N7*$I7 -> 1028931060 | P7: 0.075 | Q7: =+P7*$I7 -> 248134500 | R7: 0 | S7: =+R7*$I7 -> 0 | T7: 0 | U7: =+T7*$I7 -> 0 | Y7: =K7-'Out25'!K7 -> 2.5188524e+08 | Z7: =M7-'Out25'!M7 -> -17639100 | AA7: =O7-'Out25'!O7 -> -161598590 | AB7: =Q7-'Out25'!Q7 -> -8137550 | AC7: =+S7-'Out25'!S7 -> 0 | AE7: =J7-'Out25'!J7 -> 0.072 | AF7: =L7-'Out25'!L7 -> -0.012 | AG7: =N7-'Out25'!N7 -> -0.056 | AH7: =P7-'Out25'!P7 -> -0.004 | AI7: =R7-'Out25'!R7 -> 0 | AK7: =I7-'Out25'!I7 -> 64510000 | AL7: =I7/'Out25'!I7-1 -> 0.01988625 | AN7: LFSC | AO7: Nota Promissória
B8: DPGE | F8: =J8+L8+N8+P8+R8+T8 -> 1 | H8: Daycoval Classic | I8: 1.9415191e+08 | J8: 0.16 | K8: =+J8*$I8 -> 31064306 | L8: 0.41 | M8: =+L8*$I8 -> 79602283 | N8: 0.24 | O8: =+N8*$I8 -> 46596458 | P8: 0.08 | Q8: =+P8*$I8 -> 15532153 | R8: 0 | S8: =+R8*$I8 -> 0 | T8: 0.11 | U8: =+T8*$I8 -> 21356710 | Y8: =K8-'Out25'!K8 -> 6503580.7 | Z8: =M8-'Out25'!M8 -> -3904181.7 | AA8: =O8-'Out25'!O8 -> -560133.49 | AB8: =Q8-'Out25'!Q8 -> -186711.16 | AC8: =+S8-'Out25'!S8 -> 0 | AE8: =J8-'Out25'!J8 -> 0.035 | AF8: =L8-'Out25'!L8 -> -0.015 | AG8: =N8-'Out25'!N8 -> 0 | AH8: =P8-'Out25'!P8 -> 0 | AI8: =R8-'Out25'!R8 -> 0 | AK8: =I8-'Out25'!I8 -> -2333889.6 | AL8: =I8/'Out25'!I8-1 -> -0.011878159 | AN8: DPGE
F9: =J9+L9+N9+P9+R9+T9 -> 1 | H9: Iridium Apollo | I9: 1616601762 | J9: 0.6502 | K9: =+J9*$I9 -> 1.0511145e+09 | L9: 0.1333 | M9: =+L9*$I9 -> 2.1549301e+08 | N9: 0.1739 | O9: =+N9*$I9 -> 2.8112705e+08 | P9: 0.04 | Q9: =+P9*$I9 -> 64664070 | R9: 0 | S9: =+R9*$I9 -> 0 | T9: 0.0026 | U9: =+T9*$I9 -> 4203164.6 | Y9: =K9-'Out25'!K9 -> -2468023 | Z9: =M9-'Out25'!M9 -> -1845908.6 | AA9: =O9-'Out25'!O9 -> 1459410 | AB9: =Q9-'Out25'!Q9 -> -3670273.6 | AC9: =+S9-'Out25'!S9 -> 0 | AE9: =J9-'Out25'!J9 -> 0.0011 | AF9: =L9-'Out25'!L9 -> -0.0006 | AG9: =N9-'Out25'!N9 -> 0.0016 | AH9: =P9-'Out25'!P9 -> -0.0021 | AI9: =R9-'Out25'!R9 -> 0 | AK9: =I9-'Out25'!I9 -> -6541804 | AL9: =I9/'Out25'!I9-1 -> -0.0040303299
F10: =J10+L10+N10+P10+R10+T10 -> 1 | H10: Porto Seguro FIRF | I10: 7.7670685e+09 | J10: 0.381 | K10: =+J10*$I10 -> 2.9592531e+09 | L10: 0.378 | M10: =+L10*$I10 -> 2.9359519e+09 | N10: 0.199 | O10: =+N10*$I10 -> 1.5456466e+09 | P10: 0.042 | Q10: =+P10*$I10 -> 3.2621688e+08 | R10: 0 | S10: =+R10*$I10 -> 0 | T10: 0 | U10: =+T10*$I10 -> 0 | Y10: =K10-'Out25'!K10 -> -1.8304812e+08 | Z10: =M10-'Out25'!M10 -> -2.6231907e+08 | AA10: =O10-'Out25'!O10 -> 2.1036851e+08 | AB10: =Q10-'Out25'!Q10 -> 6389781.3 | AC10: =+S10-'Out25'!S10 -> 0 | AE10: =J10-'Out25'!J10 -> -0.012 | AF10: =L10-'Out25'!L10 -> -0.022 | AG10: =N10-'Out25'!N10 -> 0.032 | AH10: =P10-'Out25'!P10 -> 0.002 | AI10: =R10-'Out25'!R10 -> 0 | AK10: =I10-'Out25'!I10 -> -2.2860889e+08 | AL10: =I10/'Out25'!I10-1 -> -0.02859156
F11: =J11+L11+N11+P11+R11+T11 -> 1 | H11: Nu Reserva Imediata | I11: 2.9956317e+09 | J11: 0.64 | K11: =+J11*$I11 -> 1.9172043e+09 | L11: 0.21 | M11: =+L11*$I11 -> 6.2908265e+08 | N11: 0.15 | O11: =+N11*$I11 -> 4.4934475e+08 | P11: 0 | Q11: =+P11*$I11 -> 0 | R11: 0 | S11: =+R11*$I11 -> 0 | T11: 0 | U11: =+T11*$I11 -> 0 | Y11: =K11-'Out25'!K11 -> -46493141 | Z11: =M11-'Out25'!M11 -> -45938334 | AA11: =O11-'Out25'!O11 -> 19785942 | AB11: =Q11-'Out25'!Q11 -> 0 | AC11: =+S11-'Out25'!S11 -> 0 | AE11: =J11-'Out25'!J11 -> 0 | AF11: =L11-'Out25'!L11 -> -0.01 | AG11: =N11-'Out25'!N11 -> 0.01 | AH11: =P11-'Out25'!P11 -> 0 | AI11: =R11-'Out25'!R11 -> 0 | AK11: =I11-'Out25'!I11 -> -72645533 | AL11: =I11/'Out25'!I11-1 -> -0.023676326
B12: Pegar fora da XP: | F12: =J12+L12+N12+P12+R12+T12 -> 1 | H12: Inter Conservador | I12: 1490640000 | J12: 0.3 | K12: =+J12*$I12 -> 447192000 | L12: 0.424 | M12: =+L12*$I12 -> 632031360 | N12: 0.251 | O12: =+N12*$I12 -> 374150640 | P12: 0.025 | Q12: =+P12*$I12 -> 37266000 | R12: 0 | S12: =+R12*$I12 -> 0 | T12: 0 | U12: =+T12*$I12 -> 0 | Y12: =K12-'Out25'!K12 -> 85114480 | Z12: =M12-'Out25'!M12 -> -33724080 | AA12: =O12-'Out25'!O12 -> -20046660 | AB12: =Q12-'Out25'!Q12 -> 766250 | AC12: =+S12-'Out25'!S12 -> 0 | AE12: =J12-'Out25'!J12 -> 0.052 | AF12: =L12-'Out25'!L12 -> -0.032 | AG12: =N12-'Out25'!N12 -> -0.019 | AH12: =P12-'Out25'!P12 -> 0 | AI12: =R12-'Out25'!R12 -> 0 | AK12: =I12-'Out25'!I12 -> 30650000 | AL12: =I12/'Out25'!I12-1 -> 0.020993294
B13: NU Reserva Imediata | F13: =J13+L13+N13+P13+R13+T13 -> 1 | H13: Absolute Atenas | I13: 1085200000 | J13: 0.5 | K13: =+J13*$I13 -> 542600000 | L13: 0.28 | M13: =+L13*$I13 -> 303856000 | N13: 0.16 | O13: =+N13*$I13 -> 173632000 | P13: 0.06 | Q13: =+P13*$I13 -> 65112000 | R13: 0 | S13: =+R13*$I13 -> 0 | T13: 0 | U13: =+T13*$I13 -> 0 | Y13: =K13-'Out25'!K13 -> -10642000 | Z13: =M13-'Out25'!M13 -> -56954000 | AA13: =O13-'Out25'!O13 -> -42854000 | AB13: =Q13-'Out25'!Q13 -> -7050000 | AC13: =+S13-'Out25'!S13 -> 0 | AE13: =J13-'Out25'!J13 -> 0.04 | AF13: =L13-'Out25'!L13 -> -0.02 | AG13: =N13-'Out25'!N13 -> -0.02 | AH13: =P13-'Out25'!P13 -> 0 | AI13: =R13-'Out25'!R13 -> 0 | AK13: =I13-'Out25'!I13 -> -117500000 | AL13: =I13/'Out25'!I13-1 -> -0.097696849
B14: JGP Select | F14: =J14+L14+N14+P14+R14+T14 -> 1 | H14: TOTAL | I14: =SUM(I3:I13) -> 2.5234825e+10 | J14: =K14/$I$14 -> 0.40288217 | K14: =SUM(K3:K13) -> 1.0166661e+10 | L14: =M14/$I$14 -> 0.29784812 | M14: =SUM(M3:M13) -> 7.5161451e+09 | N14: =O14/$I$14 -> 0.23423596 | O14: =SUM(O3:O13) -> 5.9109033e+09 | P14: =Q14/$I$14 -> 0.04679576 | Q14: =SUM(Q3:Q13) -> 1.1808828e+09 | R14: =S14/$I$14 -> 0.0030423116 | S14: =SUM(S3:S13) -> 76772199 | T14: =U14/$I$14 -> 0.015195684 | U14: =SUM(U3:U13) -> 3.8346043e+08 | Y14: =K14-'Out25'!K14 -> 1.5580569e+08 | Z14: =M14-'Out25'!M14 -> -3.5666554e+08 | AA14: =O14-'Out25'!O14 -> -4.8210875e+08 | AB14: =Q14-'Out25'!Q14 -> -36686709 | AC14: =+S14-'Out25'!S14 -> 38030915 | AE14: =J14-'Out25'!J14 -> 0.013771393 | AF14: =L14-'Out25'!L14 -> -0.0081592475 | AG14: =N14-'Out25'!N14 -> -0.014253291 | AH14: =P14-'Out25'!P14 -> -0.00052980866 | AI14: =R14-'Out25'!R14 -> 0.0015364811 | AK14: =I14-'Out25'!I14 -> -4.926952e+08 | AL14: =I14/'Out25'!I14-1 -> -0.019150513
B15: Absolute Olimpia
H16: Fundo D+30 | I16: PL | J16: Caixa | L16: Bancários | N16: Corporativo | P16: FIDC | R16: FII | T16: Outros | Y16: Δ Caixa | Z16: Δ Bancários | AA16: Δ Corporativo | AB16: Δ FIDC | AC16: Δ FII | AE16: Δ Caixa | AF16: Δ Bancários | AG16: Δ Corporativo | AH16: Δ FIDC | AI16: Δ FII
F17: =J17+L17+N17+P17+R17+T17 -> 1 | H17: Geraes 30 | I17: 3.6314493e+08 | J17: 0.4412 | K17: =+J17*$I17 -> 1.6021954e+08 | L17: 0.2136 | M17: =+L17*$I17 -> 77567757 | N17: 0.2413 | O17: =+N17*$I17 -> 87626872 | P17: 0.0553 | Q17: =+P17*$I17 -> 20081915 | R17: 0 | S17: =+R17*$I17 -> 0 | T17: 0.0486 | U17: =+T17*$I17 -> 17648844 | Y17: =K17-'Out25'!K17 -> 44763307 | Z17: =M17-'Out25'!M17 -> -4886965.9 | AA17: =O17-'Out25'!O17 -> -3266295.8 | AB17: =Q17-'Out25'!Q17 -> 1765911.1 | AC17: =+S17-'Out25'!S17 -> 0 | AE17: =J17-'Out25'!J17 -> 0.0882 | AF17: =L17-'Out25'!L17 -> -0.0385 | AG17: =N17-'Out25'!N17 -> -0.0366 | AH17: =P17-'Out25'!P17 -> -0.0007 | AI17: =R17-'Out25'!R17 -> 0 | AK17: =I17-'Out25'!I17 -> 36073439 | AL17: =I17/'Out25'!I17-1 -> 0.11029221
F18: =J18+L18+N18+P18+R18+T18 -> 1 | H18: Daycoval Classic 30 | I18: 8.4907515e+08 | J18: 0.1 | K18: =+J18*$I18 -> 84907515 | L18: 0.23 | M18: =+L18*$I18 -> 1.9528728e+08 | N18: 0.39 | O18: =+N18*$I18 -> 3.3113931e+08 | P18: 0.17 | Q18: =+P18*$I18 -> 1.4434277e+08 | R18: 0 | S18: =+R18*$I18 -> 0 | T18: 0.11 | U18: =+T18*$I18 -> 93398266 | Y18: =K18-'Out25'!K18 -> -13921046 | Z18: =M18-'Out25'!M18 -> 1927056.6 | AA18: =O18-'Out25'!O18 -> 8872262 | AB18: =Q18-'Out25'!Q18 -> -6048512.8 | AC18: =+S18-'Out25'!S18 -> 0 | AE18: =J18-'Out25'!J18 -> -0.015 | AF18: =L18-'Out25'!L18 -> 0.005 | AG18: =N18-'Out25'!N18 -> 0.015 | AH18: =P18-'Out25'!P18 -> -0.005 | AI18: =R18-'Out25'!R18 -> 0 | AK18: =I18-'Out25'!I18 -> -10303641 | AL18: =I18/'Out25'!I18-1 -> -0.011989638
F19: =J19+L19+N19+P19+R19+T19 -> 1 | H19: Riza Lotus Plus | I19: 604506192 | J19: 0.144 | K19: =+J19*$I19 -> 87048892 | L19: 0.263 | M19: =+L19*$I19 -> 1.5898513e+08 | N19: 0.426 | O19: =+N19*$I19 -> 2.5751964e+08 | P19: 0.074 | Q19: =+P19*$I19 -> 44733458 | R19: 0 | S19: =+R19*$I19 -> 0 | T19: 0.093 | U19: =+T19*$I19 -> 56219076 | Y19: =K19-'Out25'!K19 -> 47935641 | Z19: =M19-'Out25'!M19 -> -78953810 | AA19: =O19-'Out25'!O19 -> -34525964 | AB19: =Q19-'Out25'!Q19 -> 405108 | AC19: =+S19-'Out25'!S19 -> 0 | AE19: =J19-'Out25'!J19 -> 0.084 | AF19: =L19-'Out25'!L19 -> -0.102 | AG19: =N19-'Out25'!N19 -> -0.022 | AH19: =P19-'Out25'!P19 -> 0.006 | AI19: =R19-'Out25'!R19 -> 0 | AK19: =I19-'Out25'!I19 -> -47381311 | AL19: =I19/'Out25'!I19-1 -> -0.072683263
C20: LEGENDA: | F20: =J20+L20+N20+P20+R20+T20 -> 1 | H20: ARX Vinson Advisory | I20: 1289042962 | J20: 0.25 | K20: =+J20*$I20 -> 3.2226074e+08 | L20: 0.29 | M20: =+L20*$I20 -> 3.7382246e+08 | N20: 0.3 | O20: =+N20*$I20 -> 3.8671289e+08 | P20: 0.16 | Q20: =+P20*$I20 -> 2.0624687e+08 | R20: 0 | S20: =+R20*$I20 -> 0 | T20: 0 | U20: =+T20*$I20 -> 0 | Y20: =K20-'Out25'!K20 -> 25578614 | Z20: =M20-'Out25'!M20 -> -38952674 | AA20: =O20-'Out25'!O20 -> 12635424 | AB20: =Q20-'Out25'!Q20 -> -140692.64 | AC20: =+S20-'Out25'!S20 -> 0 | AE20: =J20-'Out25'!J20 -> 0.02 | AF20: =L20-'Out25'!L20 -> -0.03 | AG20: =N20-'Out25'!N20 -> 0.01 | AH20: =P20-'Out25'!P20 -> 0 | AI20: =R20-'Out25'!R20 -> 0 | AK20: =I20-'Out25'!I20 -> -879329 | AL20: =I20/'Out25'!I20-1 -> -0.00068169145
B21: Bancário: | C21: Corporativo | D21: Caixa | F21: =J21+L21+N21+P21+R21+T21 -> 1 | H21: Sparta Max Advisory | I21: 162400000 | J21: 0.26 | K21: =+J21*$I21 -> 42224000 | L21: 0.15 | M21: =+L21*$I21 -> 24360000 | N21: 0.47 | O21: =+N21*$I21 -> 76328000 | P21: 0.12 | Q21: =+P21*$I21 -> 19488000 | R21: 0 | S21: =+R21*$I21 -> 0 | T21: 0 | U21: =+T21*$I21 -> 0 | Y21: =K21-'Out25'!K21 -> -6552000 | Z21: =M21-'Out25'!M21 -> -28000 | AA21: =O21-'Out25'!O21 -> -5546000 | AB21: =Q21-'Out25'!Q21 -> 326000 | AC21: =+S21-'Out25'!S21 -> 0 | AE21: =J21-'Out25'!J21 -> -0.02 | AF21: =L21-'Out25'!L21 -> 0.01 | AG21: =N21-'Out25'!N21 -> 0 | AH21: =P21-'Out25'!P21 -> 0.01 | AI21: =R21-'Out25'!R21 -> 0 | AK21: =I21-'Out25'!I21 -> -11800000 | AL21: =I21/'Out25'!I21-1 -> -0.067738232
B22: CDB | C22: Debênture | D22: Compromissada | F22: =J22+L22+N22+P22+R22+T22 -> 1 | H22: Polo Crédito Corporativo | I22: 1266500000 | J22: 0.24 | K22: =+J22*$I22 -> 303960000 | L22: 0.26 | M22: =+L22*$I22 -> 329290000 | N22: 0.48 | O22: =+N22*$I22 -> 607920000 | P22: 0.02 | Q22: =+P22*$I22 -> 25330000 | R22: 0 | S22: =+R22*$I22 -> 0 | T22: 0 | U22: =+T22*$I22 -> 0 | Y22: =K22-'Out25'!K22 -> 14275000 | Z22: =M22-'Out25'!M22 -> 14415000 | AA22: =O22-'Out25'!O22 -> -21830000 | AB22: =Q22-'Out25'!Q22 -> 140000 | AC22: =+S22-'Out25'!S22 -> 0 | AE22: =J22-'Out25'!J22 -> 0.01 | AF22: =L22-'Out25'!L22 -> 0.01 | AG22: =N22-'Out25'!N22 -> -0.02 | AH22: =P22-'Out25'!P22 -> 0 | AI22: =R22-'Out25'!R22 -> 0 | AK22: =I22-'Out25'!I22 -> 7000000 | AL22: =I22/'Out25'!I22-1 -> 0.005557761
B23: LF | C23: CRI | D23: Título Público | F23: =J23+L23+N23+P23+R23+T23 -> 1 | H23: Iridium Titan Advisory | I23: 228824483 | J23: 0.5623 | K23: =+J23*$I23 -> 1.2866801e+08 | L23: 0.1084 | M23: =+L23*$I23 -> 24804574 | N23: 0.2544 | O23: =+N23*$I23 -> 58212948 | P23: 0.0702 | Q23: =+P23*$I23 -> 16063479 | R23: 0 | S23: =+R23*$I23 -> 0 | T23: 0.0047 | U23: =+T23*$I23 -> 1075475.1 | Y23: =K23-'Out25'!K23 -> -6024820.1 | Z23: =M23-'Out25'!M23 -> -665210.47 | AA23: =O23-'Out25'!O23 -> 2198133.3 | AB23: =Q23-'Out25'!Q23 -> -425224.71 | AC23: =+S23-'Out25'!S23 -> 0 | AE23: =J23-'Out25'!J23 -> -0.0136 | AF23: =L23-'Out25'!L23 -> -0.0005 | AG23: =N23-'Out25'!N23 -> 0.0149 | AH23: =P23-'Out25'!P23 -> -0.0003 | AI23: =R23-'Out25'!R23 -> 0 | AK23: =I23-'Out25'!I23 -> -5057835 | AL23: =I23/'Out25'!I23-1 -> -0.021625555
B24: LFSN | C24: CRA | F24: =J24+L24+N24+P24+R24+T24 -> 1 | H24: Porto Seguro Ipê | I24: 5.2226736e+08 | J24: 0.131 | K24: =+J24*$I24 -> 68417024 | L24: 0.435 | M24: =+L24*$I24 -> 2.271863e+08 | N24: 0.34 | O24: =+N24*$I24 -> 1.775709e+08 | P24: 0.094 | Q24: =+P24*$I24 -> 49093132 | R24: 0 | S24: =+R24*$I24 -> 0 | T24: 0 | U24: =+T24*$I24 -> 0 | Y24: =K24-'Out25'!K24 -> -22495301 | Z24: =M24-'Out25'!M24 -> -11589173 | AA24: =O24-'Out25'!O24 -> 29707753 | AB24: =Q24-'Out25'!Q24 -> 4159453.8 | AC24: =+S24-'Out25'!S24 -> 0 | AE24: =J24-'Out25'!J24 -> -0.043 | AF24: =L24-'Out25'!L24 -> -0.022 | AG24: =N24-'Out25'!N24 -> 0.057 | AH24: =P24-'Out25'!P24 -> 0.008 | AI24: =R24-'Out25'!R24 -> 0 | AK24: =I24-'Out25'!I24 -> -217267.93 | AL24: =I24/'Out25'!I24-1 -> -0.00041583602
B25: LFSC | C25: Nota Promissória | F25: =J25+L25+N25+P25+R25+T25 -> 1 | H25: Sparta Top Advisory | I25: 675000000 | J25: 0.25 | K25: =+J25*$I25 -> 168750000 | L25: 0.23 | M25: =+L25*$I25 -> 155250000 | N25: 0.43 | O25: =+N25*$I25 -> 290250000 | P25: 0.09 | Q25: =+P25*$I25 -> 60750000 | R25: 0 | S25: =+R25*$I25 -> 0 | T25: 0 | U25: =+T25*$I25 -> 0 | Y25: =K25-'Out25'!K25 -> -13779000 | Z25: =M25-'Out25'!M25 -> -5805000 | AA25: =O25-'Out25'!O25 -> -17544000 | AB25: =Q25-'Out25'!Q25 -> -3672000 | AC25: =+S25-'Out25'!S25 -> 0 | AE25: =J25-'Out25'!J25 -> -0.005 | AF25: =L25-'Out25'!L25 -> 0.005 | AG25: =N25-'Out25'!N25 -> 0 | AH25: =P25-'Out25'!P25 -> 0 | AI25: =R25-'Out25'!R25 -> 0 | AK25: =I25-'Out25'!I25 -> -40800000 | AL25: =I25/'Out25'!I25-1 -> -0.056999162
B26: DPGE | F26: =J26+L26+N26+P26+R26+T26 -> 1 | H26: Absolute Creta | I26: 2140700000 | J26: 0.38 | K26: =+J26*$I26 -> 813466000 | L26: 0.17 | M26: =+L26*$I26 -> 363919000 | N26: 0.38 | O26: =+N26*$I26 -> 813466000 | P26: 0.07 | Q26: =+P26*$I26 -> 149849000 | R26: 0 | S26: =+R26*$I26 -> 0 | T26: 0 | U26: =+T26*$I26 -> 0 | Y26: =K26-'Out25'!K26 -> 21851000 | Z26: =M26-'Out25'!M26 -> 204000 | AA26: =O26-'Out25'!O26 -> 456000 | AB26: =Q26-'Out25'!Q26 -> -21311000 | AC26: =+S26-'Out25'!S26 -> 0 | AE26: =J26-'Out25'!J26 -> 0.01 | AF26: =L26-'Out25'!L26 -> 0 | AG26: =N26-'Out25'!N26 -> 0 | AH26: =P26-'Out25'!P26 -> -0.01 | AI26: =R26-'Out25'!R26 -> 0 | AK26: =I26-'Out25'!I26 -> 1200000 | AL26: =I26/'Out25'!I26-1 -> 0.00056087871
F27: =J27+L27+N27+P27+R27+T27 -> 1 | H27: TOTAL | I27: =SUM(I17:I26) -> 8.1014611e+09 | J27: =K27/$I$27 -> 0.2690776 | K27: =SUM(K17:K26) -> 2.1799217e+09 | L27: =M27/$I$27 -> 0.23828696 | M27: =SUM(M17:M26) -> 1.9304725e+09 | N27: =O27/$I$27 -> 0.3810111 | O27: =SUM(O17:O26) -> 3.0867466e+09 | P27: =Q27/$I$27 -> 0.090845173 | Q27: =SUM(Q17:Q26) -> 7.3597863e+08 | R27: =S27/$I$27 -> 0 | S27: =SUM(S17:S26) -> 0 | T27: =U27/$I$27 -> 0.020779173 | U27: =SUM(U17:U26) -> 1.6834166e+08 | Y27: =K27-'Out25'!K27 -> 91631395 | Z27: =M27-'Out25'!M27 -> -1.2433478e+08 | AA27: =O27-'Out25'!O27 -> -28842687 | AB27: =Q27-'Out25'!Q27 -> -24800957 | AC27: =+S27-'Out25'!S27 -> 0 | AE27: =J27-'Out25'!J27 -> 0.013586335 | AF27: =L27-'Out25'!L27 -> -0.013107837 | AG27: =N27-'Out25'!N27 -> -0.00016475692 | AH27: =P27-'Out25'!P27 -> -0.0022321828 | AI27: =R27-'Out25'!R27 -> 0 | AK27: =I27-'Out25'!I27 -> -72165945 | AL27: =I27/'Out25'!I27-1 -> -0.0088291213
H29: Fundo D+60 | I29: PL | J29: Caixa | L29: Bancários | N29: Corporativo | P29: FIDC | R29: Bonds | T29: Outros | Y29: Δ Caixa | Z29: Δ Bancários | AA29: Δ Corporativo | AB29: Δ FIDC | AC29: Δ Bonds | AE29: Δ Caixa | AF29: Δ Bancários | AG29: Δ Corporativo | AH29: Δ FIDC | AI29: Δ Bonds
F30: =J30+L30+N30+P30+R30+T30 -> 1 | H30: Horizonte | I30: 2.2363095e+08 | J30: =0.132+0.0137 -> 0.1457 | K30: =+J30*$I30 -> 32583030 | L30: 0.2049 | M30: =+L30*$I30 -> 45821982 | N30: 0.429 | O30: =+N30*$I30 -> 95937678 | P30: 0.1406 | Q30: =+P30*$I30 -> 31442512 | R30: 0.0585 | S30: =+R30*$I30 -> 13082411 | T30: 0.0213 | U30: =+T30*$I30 -> 4763339.3 | Y30: =K30-'Out25'!K30 -> 15670401 | Z30: =M30-'Out25'!M30 -> -10908569 | AA30: =O30-'Out25'!O30 -> -3607126.4 | AB30: =Q30-'Out25'!Q30 -> 2500165 | AC30: =+S30-'Out25'!S30 -> -12669.539 | AE30: =J30-'Out25'!J30 -> 0.0695 | AF30: =L30-'Out25'!L30 -> -0.0507 | AG30: =N30-'Out25'!N30 -> -0.0195 | AH30: =P30-'Out25'!P30 -> 0.0102 | AI30: =R30-'Out25'!R30 -> -0.0005 | AK30: =I30-'Out25'!I30 -> 1680439.6 | AL30: =I30/'Out25'!I30-1 -> 0.0075712355
F31: =J31+L31+N31+P31+R31+T31 -> 0 | H31: BTG PACTUAL CRED PLUS | K31: =+J31*$I31 -> 0 | M31: =+L31*$I31 -> 0 | O31: =+N31*$I31 -> 0 | Q31: =+P31*$I31 -> 0 | S31: =+R31*$I31 -> 0 | U31: =+T31*$I31 -> 0 | Y31: =K31-'Out25'!K31 -> 0 | Z31: =M31-'Out25'!M31 -> 0 | AA31: =O31-'Out25'!O31 -> 0 | AB31: =Q31-'Out25'!Q31 -> 0 | AC31: =+S31-'Out25'!S31 -> 0 | AE31: =J31-'Out25'!J31 -> 0 | AF31: =L31-'Out25'!L31 -> 0 | AG31: =N31-'Out25'!N31 -> 0 | AH31: =P31-'Out25'!P31 -> 0 | AI31: =R31-'Out25'!R31 -> 0 | AK31: =I31-'Out25'!I31 -> 0 | AL31: =I31/'Out25'!I31-1 -> #DIV/0!
F32: =J32+L32+N32+P32+R32+T32 -> 1 | H32: JGP Select | I32: 243712563 | J32: 0.05 | K32: =+J32*$I32 -> 12185628 | L32: 0.12 | M32: =+L32*$I32 -> 29245508 | N32: 0.47 | O32: =+N32*$I32 -> 1.145449e+08 | P32: 0.08 | Q32: =+P32*$I32 -> 19497005 | R32: 0.2 | S32: =+R32*$I32 -> 48742513 | T32: 0.08 | U32: =+T32*$I32 -> 19497005 | Y32: =K32-'Out25'!K32 -> -6867626.6 | Z32: =M32-'Out25'!M32 -> 665625.48 | AA32: =O32-'Out25'!O32 -> -14064565 | AB32: =Q32-'Out25'!Q32 -> 443750.32 | AC32: =+S32-'Out25'!S32 -> 5872689.5 | AE32: =J32-'Out25'!J32 -> -0.03 | AF32: =L32-'Out25'!L32 -> 0 | AG32: =N32-'Out25'!N32 -> -0.07 | AH32: =P32-'Out25'!P32 -> 0 | AI32: =R32-'Out25'!R32 -> 0.02 | AK32: =I32-'Out25'!I32 -> 5546879 | AL32: =I32/'Out25'!I32-1 -> 0.023290001
F33: =J33+L33+N33+P33+R33+T33 -> 1 | H33: ARX Everest Advisory | I33: 469538720 | J33: 0.16 | K33: =+J33*$I33 -> 75126195 | L33: 0.2 | M33: =+L33*$I33 -> 93907744 | N33: 0.46 | O33: =+N33*$I33 -> 2.1598781e+08 | P33: 0.18 | Q33: =+P33*$I33 -> 84516970 | R33: 0 | S33: =+R33*$I33 -> 0 | T33: 0 | U33: =+T33*$I33 -> 0 | Y33: =K33-'Out25'!K33 -> 13596933 | Z33: =M33-'Out25'!M33 -> -24417760 | AA33: =O33-'Out25'!O33 -> 7734924.2 | AB33: =Q33-'Out25'!Q33 -> -677393.28 | AC33: =+S33-'Out25'!S33 -> 0 | AE33: =J33-'Out25'!J33 -> 0.03 | AF33: =L33-'Out25'!L33 -> -0.05 | AG33: =N33-'Out25'!N33 -> 0.02 | AH33: =P33-'Out25'!P33 -> 0 | AI33: =R33-'Out25'!R33 -> 0 | AK33: =I33-'Out25'!I33 -> -3763296 | AL33: =I33/'Out25'!I33-1 -> -0.0079511514
F34: =J34+L34+N34+P34+R34+T34 -> 1 | H34: Polo Total | I34: 73700000 | J34: 0.05 | K34: =+J34*$I34 -> 3685000 | L34: 0.16 | M34: =+L34*$I34 -> 11792000 | N34: 0.58 | O34: =+N34*$I34 -> 42746000 | P34: 0.02 | Q34: =+P34*$I34 -> 1474000 | R34: 0.17 | S34: =+R34*$I34 -> 12529000 | T34: 0.02 | U34: =+T34*$I34 -> 1474000 | Y34: =K34-'Out25'!K34 -> -100000 | Z34: =M34-'Out25'!M34 -> -4862000 | AA34: =O34-'Out25'!O34 -> 2625000 | AB34: =Q34-'Out25'!Q34 -> -40000 | AC34: =+S34-'Out25'!S34 -> -1097000 | AE34: =J34-'Out25'!J34 -> 0 | AF34: =L34-'Out25'!L34 -> -0.06 | AG34: =N34-'Out25'!N34 -> 0.05 | AH34: =P34-'Out25'!P34 -> 0 | AI34: =R34-'Out25'!R34 -> -0.01 | AK34: =I34-'Out25'!I34 -> -2000000 | AL34: =I34/'Out25'!I34-1 -> -0.026420079
F35: =J35+L35+N35+P35+R35+T35 -> 1 | H35: Absolute Olimpia | I35: 340600000 | J35: 0.04 | K35: =+J35*$I35 -> 13624000 | L35: 0.02 | M35: =+L35*$I35 -> 6812000 | N35: 0.43 | O35: =+N35*$I35 -> 146458000 | P35: 0.39 | Q35: =+P35*$I35 -> 132834000 | R35: 0.12 | S35: =+R35*$I35 -> 40872000 | T35: 0 | U35: =+T35*$I35 -> 0 | Y35: =K35-'Out25'!K35 -> 3385000 | Z35: =M35-'Out25'!M35 -> -3427000 | AA35: =O35-'Out25'!O35 -> 3112000 | AB35: =Q35-'Out25'!Q35 -> 13379000 | AC35: =+S35-'Out25'!S35 -> -17149000 | AE35: =J35-'Out25'!J35 -> 0.01 | AF35: =L35-'Out25'!L35 -> -0.01 | AG35: =N35-'Out25'!N35 -> 0.01 | AH35: =P35-'Out25'!P35 -> 0.04 | AI35: =R35-'Out25'!R35 -> -0.05 | AK35: =I35-'Out25'!I35 -> -700000 | AL35: =I35/'Out25'!I35-1 -> -0.0020509815
F36: =J36+L36+N36+P36+R36+T36 -> 1 | H36: TOTAL | I36: =SUM(I30:I35) -> 1.3511822e+09 | J36: =+K36/$I$36 -> 0.10154356 | K36: =SUM(K30:K35) -> 1.3720385e+08 | L36: =+M36/$I$36 -> 0.13882601 | M36: =SUM(M30:M35) -> 1.8757923e+08 | N36: =+O36/$I$36 -> 0.45565608 | O36: =SUM(O30:O35) -> 6.1567439e+08 | P36: =+Q36/$I$36 -> 0.19965071 | Q36: =SUM(Q30:Q35) -> 2.6976449e+08 | R36: =+S36/$I$36 -> 0.085277855 | S36: =SUM(S30:S35) -> 1.1522592e+08 | T36: =+U36/$I$36 -> 0.019045798 | U36: =SUM(U30:U35) -> 25734344 | Y36: =K36-'Out25'!K36 -> 25684707 | Z36: =M36-'Out25'!M36 -> -42949703 | AA36: =O36-'Out25'!O36 -> -4199767 | AB36: =Q36-'Out25'!Q36 -> 15605522 | AC36: =+S36-'Out25'!S36 -> -12385980 | AE36: =J36-'Out25'!J36 -> 0.018962367 | AF36: =L36-'Out25'!L36 -> -0.031883286 | AG36: =N36-'Out25'!N36 -> -0.0033677704 | AH36: =P36-'Out25'!P36 -> 0.01144311 | AI36: =R36-'Out25'!R36 -> -0.0092202061 | AK36: =I36-'Out25'!I36 -> 764022.6 | AL36: =I36/'Out25'!I36-1 -> 0.0005657674

Sheet Out25
C2: LEGENDA: | H2: Fundo D+1 | I2: PL | J2: Caixa | L2: Bancários | N2: Corporativo | P2: FIDC | R2: FII | T2: Outros | W2: Obs: | Y2: Δ Caixa | Z2: Δ Bancários | AA2: Δ Corporativo | AB2: Δ FIDC | AC2: Δ FII | AE2: Δ Caixa | AF2: Δ Bancários | AG2: Δ Corporativo | AH2: Δ FIDC | AI2: Δ FII | AK2: Var. PL | AL2: % | AO2: LEGENDA:
B3: Bancário | C3: Corporativo | D3: Caixa | F3: =J3+L3+N3+P3+R3+T3 -> 1 | H3: Geraes | I3: 5.32938e+08 | J3: 0.5356 | K3: =+J3*$I3 -> 2.8544159e+08 | L3: 0.2316 | M3: =+L3*$I3 -> 1.2342844e+08 | N3: 0.1926 | O3: =+N3*$I3 -> 1.0264386e+08 | P3: 0.0412 | Q3: =+P3*$I3 -> 21957045 | R3: 0 | S3: =+R3*$I3 -> 0 | T3: -0.001 | U3: =+T3*$I3 -> -532938 | Y3: =K3-'Set25'!K3 -> 53079162 | Z3: =M3-'Set25'!M3 -> -42073230 | AA3: =O3-'Set25'!O3 -> -10263521 | AB3: =Q3-'Set25'!Q3 -> -81452.926 | AC3: =+S3-'Set25'!S3 -> 0 | AE3: =J3-'Set25'!J3 -> 0.0991 | AF3: =L3-'Set25'!L3 -> -0.0793 | AG3: =N3-'Set25'!N3 -> -0.0195 | AH3: =P3-'Set25'!P3 -> -0.0002 | AI3: =R3-'Set25'!R3 -> 0 | AK3: =I3-'Set25'!I3 -> 607117.72 | AL3: =I3/'Set25'!I3-1 -> 0.0011404894 | AN3: Bancário: | AO3: Corporativo | AP3: Caixa
B4: CDB | C4: Debênture | D4: Compromissada | F4: =J4+L4+N4+P4+R4+T4 -> 1 | H4: ARX Denali | I4: 1776340921 | J4: 0.42 | K4: =+J4*$I4 -> 7.4606319e+08 | L4: 0.21 | M4: =+L4*$I4 -> 3.7303159e+08 | N4: 0.24 | O4: =+N4*$I4 -> 4.2632182e+08 | P4: 0.11 | Q4: =+P4*$I4 -> 1.953975e+08 | R4: 0 | S4: =+R4*$I4 -> 0 | T4: 0.02 | U4: =+T4*$I4 -> 35526818 | Y4: =K4-'Set25'!K4 -> 13370031 | Z4: =M4-'Set25'!M4 -> 6685015.5 | AA4: =O4-'Set25'!O4 -> -9805057.5 | AB4: =Q4-'Set25'!Q4 -> 3501674.8 | AC4: =+S4-'Set25'!S4 -> 0 | AE4: =J4-'Set25'!J4 -> 0 | AF4: =L4-'Set25'!L4 -> 0 | AG4: =N4-'Set25'!N4 -> -0.01 | AH4: =P4-'Set25'!P4 -> 0 | AI4: =R4-'Set25'!R4 -> 0 | AK4: =I4-'Set25'!I4 -> 31833407 | AL4: =I4/'Set25'!I4-1 -> 0.01824779 | AN4: CDB | AO4: Debênture | AP4: Compromissada
B5: LF | C5: CRI | D5: Título Público | F5: =J5+L5+N5+P5+R5+T5 -> 1 | H5: Capitania Top | I5: 2.5827522e+08 | J5: 0.42 | K5: =+J5*$I5 -> 1.0847559e+08 | L5: 0 | M5: =+L5*$I5 -> 0 | N5: 0.34 | O5: =+N5*$I5 -> 87813576 | P5: 0.05 | Q5: =+P5*$I5 -> 12913761 | R5: 0.15 | S5: =+R5*$I5 -> 38741284 | T5: 0.04 | U5: =+T5*$I5 -> 10331009 | Y5: =K5-'Set25'!K5 -> -36438267 | Z5: =M5-'Set25'!M5 -> 0 | AA5: =O5-'Set25'!O5 -> 4622285.7 | AB5: =Q5-'Set25'!Q5 -> 2179401.1 | AC5: =+S5-'Set25'!S5 -> 9221793.4 | AE5: =J5-'Set25'!J5 -> -0.12 | AF5: =L5-'Set25'!L5 -> 0 | AG5: =N5-'Set25'!N5 -> 0.03 | AH5: =P5-'Set25'!P5 -> 0.01 | AI5: =R5-'Set25'!R5 -> 0.04 | AK5: =I5-'Set25'!I5 -> -10083778 | AL5: =I5/'Set25'!I5-1 -> -0.037575701 | AN5: LF | AO5: CRI | AP5: Título Público
B6: LFSN | C6: CRA | F6: =J6+L6+N6+P6+R6+T6 -> 1 | H6: Riza Lotus | I6: 4369741654 | J6: 0.248 | K6: =+J6*$I6 -> 1.0836959e+09 | L6: 0.244 | M6: =+L6*$I6 -> 1.066217e+09 | N6: 0.431 | O6: =+N6*$I6 -> 1.8833587e+09 | P6: 0.05 | Q6: =+P6*$I6 -> 2.1848708e+08 | R6: 0 | S6: =+R6*$I6 -> 0 | T6: 0.027 | U6: =+T6*$I6 -> 1.1798302e+08 | Y6: =K6-'Set25'!K6 -> -25673321 | Z6: =M6-'Set25'!M6 -> -1.9231118e+08 | AA6: =O6-'Set25'!O6 -> -18417206 | AB6: =Q6-'Set25'!Q6 -> -590038.28 | AC6: =+S6-'Set25'!S6 -> 0 | AE6: =J6-'Set25'!J6 -> 0.01 | AF6: =L6-'Set25'!L6 -> -0.026 | AG6: =N6-'Set25'!N6 -> 0.023 | AH6: =P6-'Set25'!P6 -> 0.003 | AI6: =R6-'Set25'!R6 -> 0 | AK6: =I6-'Set25'!I6 -> -291473686 | AL6: =I6/'Set25'!I6-1 -> -0.062531693 | AN6: LFSN | AO6: CRA
B7: LFSC | C7: Nota Promissória | F7: =J7+L7+N7+P7+R7+T7 -> 1 | H7: Western Asset Total | I7: 3243950000 | J7: 0.212 | K7: =+J7*$I7 -> 687717400 | L7: 0.342 | M7: =+L7*$I7 -> 1109430900 | N7: 0.367 | O7: =+N7*$I7 -> 1190529650 | P7: 0.079 | Q7: =+P7*$I7 -> 256272050 | R7: 0 | S7: =+R7*$I7 -> 0 | T7: 0 | U7: =+T7*$I7 -> 0 | Y7: =K7-'Set25'!K7 -> -30126740 | Z7: =M7-'Set25'!M7 -> 124695990 | AA7: =O7-'Set25'!O7 -> 37070690 | AB7: =Q7-'Set25'!Q7 -> 53803190 | AC7: =+S7-'Set25'!S7 -> 0 | AE7: =J7-'Set25'!J7 -> -0.022 | AF7: =L7-'Set25'!L7 -> 0.021 | AG7: =N7-'Set25'!N7 -> -0.009 | AH7: =P7-'Set25'!P7 -> 0.013 | AI7: =R7-'Set25'!R7 -> 0 | AK7: =I7-'Set25'!I7 -> 176240000 | AL7: =I7/'Set25'!I7-1 -> 0.05745002 | AN7: LFSC | AO7: Nota Promissória
B8: DPGE | F8: =J8+L8+N8+P8+R8+T8 -> 1 | H8: Daycoval Classic | I8: 1.964858e+08 | J8: 0.125 | K8: =+J8*$I8 -> 24560725 | L8: 0.425 | M8: =+L8*$I8 -> 83506465 | N8: 0.24 | O8: =+N8*$I8 -> 47156592 | P8: 0.08 | Q8: =+P8*$I8 -> 15718864 | R8: 0 | S8: =+R8*$I8 -> 0 | T8: 0.13 | U8: =+T8*$I8 -> 25543154 | Y8: =K8-'Set25'!K8 -> -9480384.2 | Z8: =M8-'Set25'!M8 -> 9750728.4 | AA8: =O8-'Set25'!O8 -> 3659619.2 | AB8: =Q8-'Set25'!Q8 -> 589482.14 | AC8: =+S8-'Set25'!S8 -> 0 | AE8: =J8-'Set25'!J8 -> -0.055 | AF8: =L8-'Set25'!L8 -> 0.035 | AG8: =N8-'Set25'!N8 -> 0.01 | AH8: =P8-'Set25'!P8 -> 0 | AI8: =R8-'Set25'!R8 -> 0 | AK8: =I8-'Set25'!I8 -> 7368526.8 | AL8: =I8/'Set25'!I8-1 -> 0.038962738 | AN8: DPGE
F9: =J9+L9+N9+P9+R9+T9 -> 1 | H9: Iridium Apollo | I9: 1623143566 | J9: 0.6491 | K9: =+J9*$I9 -> 1.0535825e+09 | L9: 0.1339 | M9: =+L9*$I9 -> 2.1733892e+08 | N9: 0.1723 | O9: =+N9*$I9 -> 2.7966764e+08 | P9: 0.0421 | Q9: =+P9*$I9 -> 68334344 | R9: 0 | S9: =+R9*$I9 -> 0 | T9: 0.0026 | U9: =+T9*$I9 -> 4220173.3 | Y9: =K9-'Set25'!K9 -> 80440052 | Z9: =M9-'Set25'!M9 -> -6409935.4 | AA9: =O9-'Set25'!O9 -> -22070986 | AB9: =Q9-'Set25'!Q9 -> -1321836.1 | AC9: =+S9-'Set25'!S9 -> 0 | AE9: =J9-'Set25'!J9 -> 0.0302 | AF9: =L9-'Set25'!L9 -> -0.0084 | AG9: =N9-'Set25'!N9 -> -0.0196 | AH9: =P9-'Set25'!P9 -> -0.0022 | AI9: =R9-'Set25'!R9 -> 0 | AK9: =I9-'Set25'!I9 -> 50769294 | AL9: =I9/'Set25'!I9-1 -> 0.032288301
F10: =J10+L10+N10+P10+R10+T10 -> 1 | H10: Porto Seguro FIRF | I10: 7.9956774e+09 | J10: 0.393 | K10: =+J10*$I10 -> 3.1423012e+09 | L10: 0.4 | M10: =+L10*$I10 -> 3.198271e+09 | N10: 0.167 | O10: =+N10*$I10 -> 1.3352781e+09 | P10: 0.04 | Q10: =+P10*$I10 -> 3.198271e+08 | R10: 0 | S10: =+R10*$I10 -> 0 | T10: 0 | U10: =+T10*$I10 -> 0 | Y10: =K10-'Set25'!K10 -> 2.9018881e+08 | Z10: =M10-'Set25'!M10 -> -1.5999097e+08 | AA10: =O10-'Set25'!O10 -> -1.9923869e+08 | AB10: =Q10-'Set25'!Q10 -> 30598796 | AC10: =+S10-'Set25'!S10 -> 0 | AE10: =J10-'Set25'!J10 -> 0.038 | AF10: =L10-'Set25'!L10 -> -0.018 | AG10: =N10-'Set25'!N10 -> -0.024 | AH10: =P10-'Set25'!P10 -> 0.004 | AI10: =R10-'Set25'!R10 -> 0 | AK10: =I10-'Set25'!I10 -> -38442056 | AL10: =I10/'Set25'!I10-1 -> -0.0047848499
F11: =J11+L11+N11+P11+R11+T11 -> 1 | H11: Nu Reserva Imediata | I11: 3.0682772e+09 | J11: 0.64 | K11: =+J11*$I11 -> 1.9636974e+09 | L11: 0.22 | M11: =+L11*$I11 -> 6.7502099e+08 | N11: 0.14 | O11: =+N11*$I11 -> 4.2955881e+08 | P11: 0 | Q11: =+P11*$I11 -> 0 | R11: 0 | S11: =+R11*$I11 -> 0 | T11: 0 | U11: =+T11*$I11 -> 0 | Y11: =K11-'Set25'!K11 -> 19284907 | Z11: =M11-'Set25'!M11 -> -34843898 | AA11: =O11-'Set25'!O11 -> -2532858.9 | AB11: =Q11-'Set25'!Q11 -> 0 | AC11: =+S11-'Set25'!S11 -> 0 | AE11: =J11-'Set25'!J11 -> 0.01 | AF11: =L11-'Set25'!L11 -> -0.01 | AG11: =N11-'Set25'!N11 -> 0 | AH11: =P11-'Set25'!P11 -> 0 | AI11: =R11-'Set25'!R11 -> 0 | AK11: =I11-'Set25'!I11 -> -18091849 | AL11: =I11/'Set25'!I11-1 -> -0.0058618554
B12: Pegar fora da XP: | F12: =J12+L12+N12+P12+R12+T12 -> 1 | H12: Inter Conservador | I12: 1459990000 | J12: 0.248 | K12: =+J12*$I12 -> 362077520 | L12: 0.456 | M12: =+L12*$I12 -> 665755440 | N12: 0.27 | O12: =+N12*$I12 -> 394197300 | P12: 0.025 | Q12: =+P12*$I12 -> 36499750 | R12: 0 | S12: =+R12*$I12 -> 0 | T12: 0.001 | U12: =+T12*$I12 -> 1459990 | Y12: =K12-'Set25'!K12 -> -3002480 | Z12: =M12-'Set25'!M12 -> 37817840 | AA12: =O12-'Set25'!O12 -> -38057420 | AB12: =Q12-'Set25'!Q12 -> -8250 | AC12: =+S12-'Set25'!S12 -> 0 | AE12: =J12-'Set25'!J12 -> -0.002 | AF12: =L12-'Set25'!L12 -> 0.026 | AG12: =N12-'Set25'!N12 -> -0.026 | AH12: =P12-'Set25'!P12 -> 0 | AI12: =R12-'Set25'!R12 -> 0 | AK12: =I12-'Set25'!I12 -> -330000 | AL12: =I12/'Set25'!I12-1 -> -0.00022597787
B13: NU Reserva Imediata | F13: =J13+L13+N13+P13+R13+T13 -> 1 | H13: Absolute Atenas | I13: 1202700000 | J13: 0.46 | K13: =+J13*$I13 -> 553242000 | L13: 0.3 | M13: =+L13*$I13 -> 360810000 | N13: 0.18 | O13: =+N13*$I13 -> 216486000 | P13: 0.06 | Q13: =+P13*$I13 -> 72162000 | R13: 0 | S13: =+R13*$I13 -> 0 | T13: 0 | U13: =+T13*$I13 -> 0 | Y13: =K13-'Set25'!K13 -> -37582000 | Z13: =M13-'Set25'!M13 -> -11666000 | AA13: =O13-'Set25'!O13 -> -40394000 | AB13: =Q13-'Set25'!Q13 -> 7942000 | AC13: =+S13-'Set25'!S13 -> 0 | AE13: =J13-'Set25'!J13 -> 0 | AF13: =L13-'Set25'!L13 -> 0.01 | AG13: =N13-'Set25'!N13 -> -0.02 | AH13: =P13-'Set25'!P13 -> 0.01 | AI13: =R13-'Set25'!R13 -> 0 | AK13: =I13-'Set25'!I13 -> -81700000 | AL13: =I13/'Set25'!I13-1 -> -0.063609467
B14: JGP Select | F14: =J14+L14+N14+P14+R14+T14 -> 1 | H14: TOTAL | I14: =SUM(I3:I13) -> 2.572752e+10 | J14: =K14/$I$14 -> 0.38911077 | K14: =SUM(K3:K13) -> 1.0010855e+10 | L14: =M14/$I$14 -> 0.30600737 | M14: =SUM(M3:M13) -> 7.8728107e+09 | N14: =O14/$I$14 -> 0.24848925 | O14: =SUM(O3:O13) -> 6.393012e+09 | P14: =Q14/$I$14 -> 0.047325568 | Q14: =SUM(Q3:Q13) -> 1.2175695e+09 | R14: =S14/$I$14 -> 0.0015058305 | S14: =SUM(S3:S13) -> 38741284 | T14: =U14/$I$14 -> 0.007561212 | U14: =SUM(U3:U13) -> 1.9453123e+08 | Y14: =K14-'Set25'!K14 -> 3.1405977e+08 | Z14: =M14-'Set25'!M14 -> -2.6834564e+08 | AA14: =O14-'Set25'!O14 -> -2.9542715e+08 | AB14: =Q14-'Set25'!Q14 -> 96612966 | AC14: =+S14-'Set25'!S14 -> 9221793.4 | AE14: =J14-'Set25'!J14 -> 0.014729024 | AF14: =L14-'Set25'!L14 -> -0.0083130038 | AG14: =N14-'Set25'!N14 -> -0.0097434437 | AH14: =P14-'Set25'!P14 -> 0.0040467684 | AI14: =R14-'Set25'!R14 -> 0.00036611804 | AK14: =I14-'Set25'!I14 -> -1.7330302e+08 | AL14: =I14/'Set25'!I14-1 -> -0.0066910238
B15: Absolute Olimpia
H16: Fundo D+30 | I16: PL | J16: Caixa | L16: Bancários | N16: Corporativo | P16: FIDC | R16: FII | T16: Outros | Y16: Δ Caixa | Z16: Δ Bancários | AA16: Δ Corporativo | AB16: Δ FIDC | AC16: Δ FII | AE16: Δ Caixa | AF16: Δ Bancários | AG16: Δ Corporativo | AH16: Δ FIDC | AI16: Δ FII
F17: =J17+L17+N17+P17+R17+T17 -> 1 | H17: Geraes 30 | I17: 3.2707149e+08 | J17: 0.353 | K17: =+J17*$I17 -> 1.1545624e+08 | L17: 0.2521 | M17: =+L17*$I17 -> 82454723 | N17: 0.2779 | O17: =+N17*$I17 -> 90893167 | P17: 0.056 | Q17: =+P17*$I17 -> 18316004 | R17: 0 | S17: =+R17*$I17 -> 0 | T17: 0.061 | U17: =+T17*$I17 -> 19951361 | Y17: =K17-'Set25'!K17 -> 11926463 | Z17: =M17-'Set25'!M17 -> -4748949.4 | AA17: =O17-'Set25'!O17 -> -7686322.3 | AB17: =Q17-'Set25'!Q17 -> -173797.69 | AC17: =+S17-'Set25'!S17 -> 0 | AE17: =J17-'Set25'!J17 -> 0.0372 | AF17: =L17-'Set25'!L17 -> -0.0139 | AG17: =N17-'Set25'!N17 -> -0.0228 | AH17: =P17-'Set25'!P17 -> -0.0004 | AI17: =R17-'Set25'!R17 -> 0 | AK17: =I17-'Set25'!I17 -> -761863.42 | AL17: =I17/'Set25'!I17-1 -> -0.002323935
F18: =J18+L18+N18+P18+R18+T18 -> 1 | H18: Daycoval Classic 30 | I18: 8.5937879e+08 | J18: 0.115 | K18: =+J18*$I18 -> 98828561 | L18: 0.225 | M18: =+L18*$I18 -> 1.9336023e+08 | N18: 0.375 | O18: =+N18*$I18 -> 3.2226705e+08 | P18: 0.175 | Q18: =+P18*$I18 -> 1.5039129e+08 | R18: 0 | S18: =+R18*$I18 -> 0 | T18: 0.11 | U18: =+T18*$I18 -> 94531667 | Y18: =K18-'Set25'!K18 -> 30348149 | Z18: =M18-'Set25'!M18 -> 5039094.9 | AA18: =O18-'Set25'!O18 -> -11574962 | AB18: =Q18-'Set25'!Q18 -> 4870412.9 | AC18: =+S18-'Set25'!S18 -> 0 | AE18: =J18-'Set25'!J18 -> 0.035 | AF18: =L18-'Set25'!L18 -> 0.005 | AG18: =N18-'Set25'!N18 -> -0.015 | AH18: =P18-'Set25'!P18 -> 0.005 | AI18: =R18-'Set25'!R18 -> 0 | AK18: =I18-'Set25'!I18 -> 3373640.7 | AL18: =I18/'Set25'!I18-1 -> 0.0039411454
F19: =J19+L19+N19+P19+R19+T19 -> 1 | H19: Riza Lotus Plus | I19: 651887503 | J19: 0.06 | K19: =+J19*$I19 -> 39113250 | L19: 0.365 | M19: =+L19*$I19 -> 2.3793894e+08 | N19: 0.448 | O19: =+N19*$I19 -> 2.920456e+08 | P19: 0.068 | Q19: =+P19*$I19 -> 44328350 | R19: 0 | S19: =+R19*$I19 -> 0 | T19: 0.059 | U19: =+T19*$I19 -> 38461363 | Y19: =K19-'Set25'!K19 -> -49090780 | Z19: =M19-'Set25'!M19 -> 38611722 | AA19: =O19-'Set25'!O19 -> -63548598 | AB19: =Q19-'Set25'!Q19 -> 4740714.8 | AC19: =+S19-'Set25'!S19 -> 0 | AE19: =J19-'Set25'!J19 -> -0.067 | AF19: =L19-'Set25'!L19 -> 0.078 | AG19: =N19-'Set25'!N19 -> -0.064 | AH19: =P19-'Set25'!P19 -> 0.011 | AI19: =R19-'Set25'!R19 -> 0 | AK19: =I19-'Set25'!I19 -> -42632417 | AL19: =I19/'Set25'!I19-1 -> -0.061384009
C20: LEGENDA: | F20: =J20+L20+N20+P20+R20+T20 -> 1 | H20: ARX Vinson Advisory | I20: 1289922291 | J20: 0.23 | K20: =+J20*$I20 -> 2.9668213e+08 | L20: 0.32 | M20: =+L20*$I20 -> 4.1277513e+08 | N20: 0.29 | O20: =+N20*$I20 -> 3.7407746e+08 | P20: 0.16 | Q20: =+P20*$I20 -> 2.0638757e+08 | R20: 0 | S20: =+R20*$I20 -> 0 | T20: 0 | U20: =+T20*$I20 -> 0 | Y20: =K20-'Set25'!K20 -> -34283712 | Z20: =M20-'Set25'!M20 -> 26433687 | AA20: =O20-'Set25'!O20 -> 9628700.3 | AB20: =Q20-'Set25'!Q20 -> 338795.36 | AC20: =+S20-'Set25'!S20 -> 0 | AE20: =J20-'Set25'!J20 -> -0.027 | AF20: =L20-'Set25'!L20 -> 0.02 | AG20: =N20-'Set25'!N20 -> 0.007 | AH20: =P20-'Set25'!P20 -> 0 | AI20: =R20-'Set25'!R20 -> 0 | AK20: =I20-'Set25'!I20 -> 2117471 | AL20: =I20/'Set25'!I20-1 -> 0.0016442484
B21: Bancário: | C21: Corporativo | D21: Caixa | F21: =J21+L21+N21+P21+R21+T21 -> 1 | H21: Sparta Max Advisory | I21: 174200000 | J21: 0.28 | K21: =+J21*$I21 -> 48776000 | L21: 0.14 | M21: =+L21*$I21 -> 24388000 | N21: 0.47 | O21: =+N21*$I21 -> 81874000 | P21: 0.11 | Q21: =+P21*$I21 -> 19162000 | R21: 0 | S21: =+R21*$I21 -> 0 | T21: 0 | U21: =+T21*$I21 -> 0 | Y21: =K21-'Set25'!K21 -> -1932000 | Z21: =M21-'Set25'!M21 -> -966000 | AA21: =O21-'Set25'!O21 -> -3243000 | AB21: =Q21-'Set25'!Q21 -> -759000 | AC21: =+S21-'Set25'!S21 -> 0 | AE21: =J21-'Set25'!J21 -> 0 | AF21: =L21-'Set25'!L21 -> 0 | AG21: =N21-'Set25'!N21 -> 0 | AH21: =P21-'Set25'!P21 -> 0 | AI21: =R21-'Set25'!R21 -> 0 | AK21: =I21-'Set25'!I21 -> -6900000 | AL21: =I21/'Set25'!I21-1 -> -0.038100497
B22: CDB | C22: Debênture | D22: Compromissada | F22: =J22+L22+N22+P22+R22+T22 -> 1 | H22: Polo Crédito Corporativo | I22: 1259500000 | J22: 0.23 | K22: =+J22*$I22 -> 289685000 | L22: 0.25 | M22: =+L22*$I22 -> 314875000 | N22: 0.5 | O22: =+N22*$I22 -> 629750000 | P22: 0.02 | Q22: =+P22*$I22 -> 25190000 | R22: 0 | S22: =+R22*$I22 -> 0 | T22: 0 | U22: =+T22*$I22 -> 0 | Y22: =K22-'Set25'!K22 -> 7117000 | Z22: =M22-'Set25'!M22 -> -6225000 | AA22: =O22-'Set25'!O22 -> -12450000 | AB22: =Q22-'Set25'!Q22 -> -13342000 | AC22: =+S22-'Set25'!S22 -> 0 | AE22: =J22-'Set25'!J22 -> 0.01 | AF22: =L22-'Set25'!L22 -> 0 | AG22: =N22-'Set25'!N22 -> 0 | AH22: =P22-'Set25'!P22 -> -0.01 | AI22: =R22-'Set25'!R22 -> 0 | AK22: =I22-'Set25'!I22 -> -24900000 | AL22: =I22/'Set25'!I22-1 -> -0.019386484
B23: LF | C23: CRI | D23: Título Público | F23: =J23+L23+N23+P23+R23+T23 -> 1 | H23: Iridium Titan Advisory | I23: 233882318 | J23: 0.5759 | K23: =+J23*$I23 -> 1.3469283e+08 | L23: 0.1089 | M23: =+L23*$I23 -> 25469784 | N23: 0.2395 | O23: =+N23*$I23 -> 56014815 | P23: 0.0705 | Q23: =+P23*$I23 -> 16488703 | R23: 0 | S23: =+R23*$I23 -> 0 | T23: 0.0052 | U23: =+T23*$I23 -> 1216188.1 | Y23: =K23-'Set25'!K23 -> 11985350 | Z23: =M23-'Set25'!M23 -> -956743.12 | AA23: =O23-'Set25'!O23 -> -2091977.9 | AB23: =Q23-'Set25'!Q23 -> -106795.11 | AC23: =+S23-'Set25'!S23 -> 0 | AE23: =J23-'Set25'!J23 -> 0.0317 | AF23: =L23-'Set25'!L23 -> -0.0083 | AG23: =N23-'Set25'!N23 -> -0.0182 | AH23: =P23-'Set25'!P23 -> -0.0031 | AI23: =R23-'Set25'!R23 -> 0 | AK23: =I23-'Set25'!I23 -> 8400001 | AL23: =I23/'Set25'!I23-1 -> 0.03725348
B24: LFSN | C24: CRA | F24: =J24+L24+N24+P24+R24+T24 -> 1 | H24: Porto Seguro Ipê | I24: 5.2248463e+08 | J24: 0.174 | K24: =+J24*$I24 -> 90912325 | L24: 0.457 | M24: =+L24*$I24 -> 2.3877547e+08 | N24: 0.283 | O24: =+N24*$I24 -> 1.4786315e+08 | P24: 0.086 | Q24: =+P24*$I24 -> 44933678 | R24: 0 | S24: =+R24*$I24 -> 0 | T24: 0 | U24: =+T24*$I24 -> 0 | Y24: =K24-'Set25'!K24 -> -11532025 | Z24: =M24-'Set25'!M24 -> 21803595 | AA24: =O24-'Set25'!O24 -> -15522454 | AB24: =Q24-'Set25'!Q24 -> 2379871.1 | AC24: =+S24-'Set25'!S24 -> 0 | AE24: =J24-'Set25'!J24 -> -0.021 | AF24: =L24-'Set25'!L24 -> 0.044 | AG24: =N24-'Set25'!N24 -> -0.028 | AH24: =P24-'Set25'!P24 -> 0.005 | AI24: =R24-'Set25'!R24 -> 0 | AK24: =I24-'Set25'!I24 -> -2871012.7 | AL24: =I24/'Set25'!I24-1 -> -0.0054648937
B25: LFSC | C25: Nota Promissória | F25: =J25+L25+N25+P25+R25+T25 -> 1 | H25: Sparta Top Advisory | I25: 715800000 | J25: 0.255 | K25: =+J25*$I25 -> 182529000 | L25: 0.225 | M25: =+L25*$I25 -> 161055000 | N25: 0.43 | O25: =+N25*$I25 -> 307794000 | P25: 0.09 | Q25: =+P25*$I25 -> 64422000 | R25: 0 | S25: =+R25*$I25 -> 0 | T25: 0 | U25: =+T25*$I25 -> 0 | Y25: =K25-'Set25'!K25 -> -16677000 | Z25: =M25-'Set25'!M25 -> -8639000 | AA25: =O25-'Set25'!O25 -> -2082000 | AB25: =Q25-'Set25'!Q25 -> 5398000 | AC25: =+S25-'Set25'!S25 -> 0 | AE25: =J25-'Set25'!J25 -> -0.015 | AF25: =L25-'Set25'!L25 -> -0.005 | AG25: =N25-'Set25'!N25 -> 0.01 | AH25: =P25-'Set25'!P25 -> 0.01 | AI25: =R25-'Set25'!R25 -> 0 | AK25: =I25-'Set25'!I25 -> -22000000 | AL25: =I25/'Set25'!I25-1 -> -0.029818379
B26: DPGE | F26: =J26+L26+N26+P26+R26+T26 -> 1 | H26: Absolute Creta | I26: 2139500000 | J26: 0.37 | K26: =+J26*$I26 -> 791615000 | L26: 0.17 | M26: =+L26*$I26 -> 363715000 | N26: 0.38 | O26: =+N26*$I26 -> 813010000 | P26: 0.08 | Q26: =+P26*$I26 -> 171160000 | R26: 0 | S26: =+R26*$I26 -> 0 | T26: 0 | U26: =+T26*$I26 -> 0 | Y26: =K26-'Set25'!K26 -> 149567000 | Z26: =M26-'Set25'!M26 -> 2563000 | AA26: =O26-'Set25'!O26 -> -29678000 | AB26: =Q26-'Set25'!Q26 -> 10648000 | AC26: =+S26-'Set25'!S26 -> 0 | AE26: =J26-'Set25'!J26 -> 0.05 | AF26: =L26-'Set25'!L26 -> -0.01 | AG26: =N26-'Set25'!N26 -> -0.04 | AH26: =P26-'Set25'!P26 -> 0 | AI26: =R26-'Set25'!R26 -> 0 | AK26: =I26-'Set25'!I26 -> 133100000 | AL26: =I26/'Set25'!I26-1 -> 0.066337719
F27: =J27+L27+N27+P27+R27+T27 -> 1 | H27: TOTAL | I27: =SUM(I17:I26) -> 8.173627e+09 | J27: =K27/$I$27 -> 0.25549127 | K27: =SUM(K17:K26) -> 2.0882903e+09 | L27: =M27/$I$27 -> 0.25139479 | M27: =SUM(M17:M26) -> 2.0548073e+09 | N27: =O27/$I$27 -> 0.38117585 | O27: =SUM(O17:O26) -> 3.1155892e+09 | P27: =Q27/$I$27 -> 0.093077356 | Q27: =SUM(Q17:Q26) -> 7.6077959e+08 | R27: =S27/$I$27 -> 0 | S27: =SUM(S17:S26) -> 0 | T27: =U27/$I$27 -> 0.018860731 | U27: =SUM(U17:U26) -> 1.5416058e+08 | Y27: =K27-'Set25'!K27 -> 97428446 | Z27: =M27-'Set25'!M27 -> 72915406 | AA27: =O27-'Set25'!O27 -> -1.3824861e+08 | AB27: =Q27-'Set25'!Q27 -> 13994201 | AC27: =+S27-'Set25'!S27 -> 0 | AE27: =J27-'Set25'!J27 -> 0.010513406 | AF27: =L27-'Set25'!L27 -> 0.0075207022 | AG27: =N27-'Set25'!N27 -> -0.019212667 | AH27: =P27-'Set25'!P27 -> 0.0011845483 | AI27: =R27-'Set25'!R27 -> 0 | AK27: =I27-'Set25'!I27 -> 46925820 | AL27: =I27/'Set25'!I27-1 -> 0.0057742765
H29: Fundo D+60 | I29: PL | J29: Caixa | L29: Bancários | N29: Corporativo | P29: FIDC | R29: Bonds | T29: Outros | Y29: Δ Caixa | Z29: Δ Bancários | AA29: Δ Corporativo | AB29: Δ FIDC | AC29: Δ Bonds | AE29: Δ Caixa | AF29: Δ Bancários | AG29: Δ Corporativo | AH29: Δ FIDC | AI29: Δ Bonds
F30: =J30+L30+N30+P30+R30+T30 -> 1 | H30: Horizonte | I30: 2.2195051e+08 | J30: 0.0762 | K30: =+J30*$I30 -> 16912629 | L30: 0.2556 | M30: =+L30*$I30 -> 56730551 | N30: 0.4485 | O30: =+N30*$I30 -> 99544804 | P30: 0.1304 | Q30: =+P30*$I30 -> 28942347 | R30: 0.059 | S30: =+R30*$I30 -> 13095080 | T30: 0.0303 | U30: =+T30*$I30 -> 6725100.5 | Y30: =K30-'Set25'!K30 -> -98324632 | Z30: =M30-'Set25'!M30 -> -5072109.7 | AA30: =O30-'Set25'!O30 -> -12869496 | AB30: =Q30-'Set25'!Q30 -> 813566.49 | AC30: =+S30-'Set25'!S30 -> 1668813.4 | AE30: =J30-'Set25'!J30 -> -0.2667 | AF30: =L30-'Set25'!L30 -> 0.0717 | AG30: =N30-'Set25'!N30 -> 0.114 | AH30: =P30-'Set25'!P30 -> 0.0467 | AI30: =R30-'Set25'!R30 -> 0.025 | AK30: =I30-'Set25'!I30 -> -1.1411616e+08 | AL30: =I30/'Set25'!I30-1 -> -0.33956405
F31: =J31+L31+N31+P31+R31+T31 -> 0 | H31: BTG PACTUAL CRED PLUS | K31: =+J31*$I31 -> 0 | M31: =+L31*$I31 -> 0 | O31: =+N31*$I31 -> 0 | Q31: =+P31*$I31 -> 0 | S31: =+R31*$I31 -> 0 | U31: =+T31*$I31 -> 0 | Y31: =K31-'Set25'!K31 -> 0 | Z31: =M31-'Set25'!M31 -> 0 | AA31: =O31-'Set25'!O31 -> 0 | AB31: =Q31-'Set25'!Q31 -> 0 | AC31: =+S31-'Set25'!S31 -> 0 | AE31: =J31-'Set25'!J31 -> 0 | AF31: =L31-'Set25'!L31 -> 0 | AG31: =N31-'Set25'!N31 -> 0 | AH31: =P31-'Set25'!P31 -> 0 | AI31: =R31-'Set25'!R31 -> 0 | AK31: =I31-'Set25'!I31 -> 0 | AL31: =I31/'Set25'!I31-1 -> #DIV/0!
F32: =J32+L32+N32+P32+R32+T32 -> 1 | H32: JGP Select | I32: 238165684 | J32: 0.08 | K32: =+J32*$I32 -> 19053255 | L32: 0.12 | M32: =+L32*$I32 -> 28579882 | N32: 0.54 | O32: =+N32*$I32 -> 1.2860947e+08 | P32: 0.08 | Q32: =+P32*$I32 -> 19053255 | R32: 0.18 | S32: =+R32*$I32 -> 42869823 | T32: 0 | U32: =+T32*$I32 -> 0 | Y32: =K32-'Set25'!K32 -> 4763313.7 | Z32: =M32-'Set25'!M32 -> 0 | AA32: =O32-'Set25'!O32 -> 2381656.8 | AB32: =Q32-'Set25'!Q32 -> 4763313.7 | AC32: =+S32-'Set25'!S32 -> 2381656.8 | AE32: =J32-'Set25'!J32 -> 0.02 | AF32: =L32-'Set25'!L32 -> 0 | AG32: =N32-'Set25'!N32 -> 0.01 | AH32: =P32-'Set25'!P32 -> 0.02 | AI32: =R32-'Set25'!R32 -> 0.01 | AK32: =I32-'Set25'!I32 -> 0 | AL32: =I32/'Set25'!I32-1 -> 0
F33: =J33+L33+N33+P33+R33+T33 -> 1 | H33: ARX Everest Advisory | I33: 473302016 | J33: 0.13 | K33: =+J33*$I33 -> 61529262 | L33: 0.25 | M33: =+L33*$I33 -> 118325504 | N33: 0.44 | O33: =+N33*$I33 -> 2.0825289e+08 | P33: 0.18 | Q33: =+P33*$I33 -> 85194363 | R33: 0 | S33: =+R33*$I33 -> 0 | T33: 0 | U33: =+T33*$I33 -> 0 | Y33: =K33-'Set25'!K33 -> -28381428 | Z33: =M33-'Set25'!M33 -> 23181916 | AA33: =O33-'Set25'!O33 -> 3694173.7 | AB33: =Q33-'Set25'!Q33 -> -434865.96 | AC33: =+S33-'Set25'!S33 -> 0 | AE33: =J33-'Set25'!J33 -> -0.059 | AF33: =L33-'Set25'!L33 -> 0.05 | AG33: =N33-'Set25'!N33 -> 0.01 | AH33: =P33-'Set25'!P33 -> 0 | AI33: =R33-'Set25'!R33 -> 0 | AK33: =I33-'Set25'!I33 -> -2415922 | AL33: =I33/'Set25'!I33-1 -> -0.0050784757
F34: =J34+L34+N34+P34+R34+T34 -> 1 | H34: Polo Total | I34: 75700000 | J34: 0.05 | K34: =+J34*$I34 -> 3785000 | L34: 0.22 | M34: =+L34*$I34 -> 16654000 | N34: 0.53 | O34: =+N34*$I34 -> 40121000 | P34: 0.02 | Q34: =+P34*$I34 -> 1514000 | R34: 0.18 | S34: =+R34*$I34 -> 13626000 | T34: 0 | U34: =+T34*$I34 -> 0 | Y34: =K34-'Set25'!K34 -> 2281000 | Z34: =M34-'Set25'!M34 -> 110000 | AA34: =O34-'Set25'!O34 -> -2743000 | AB34: =Q34-'Set25'!Q34 -> 10000 | AC34: =+S34-'Set25'!S34 -> 842000 | AE34: =J34-'Set25'!J34 -> 0.03 | AF34: =L34-'Set25'!L34 -> 0 | AG34: =N34-'Set25'!N34 -> -0.04 | AH34: =P34-'Set25'!P34 -> 0 | AI34: =R34-'Set25'!R34 -> 0.01 | AK34: =I34-'Set25'!I34 -> 500000 | AL34: =I34/'Set25'!I34-1 -> 0.0066489362
F35: =J35+L35+N35+P35+R35+T35 -> 1 | H35: Absolute Olimpia | I35: 341300000 | J35: 0.03 | K35: =+J35*$I35 -> 10239000 | L35: 0.03 | M35: =+L35*$I35 -> 10239000 | N35: 0.42 | O35: =+N35*$I35 -> 143346000 | P35: 0.35 | Q35: =+P35*$I35 -> 1.19455e+08 | R35: 0.17 | S35: =+R35*$I35 -> 58021000 | T35: 0 | U35: =+T35*$I35 -> 0 | Y35: =K35-'Set25'!K35 -> 657000 | Z35: =M35-'Set25'!M35 -> 3851000 | AA35: =O35-'Set25'!O35 -> 6004000 | AB35: =Q35-'Set25'!Q35 -> 17247000 | AC35: =+S35-'Set25'!S35 -> -5859000 | AE35: =J35-'Set25'!J35 -> 0 | AF35: =L35-'Set25'!L35 -> 0.01 | AG35: =N35-'Set25'!N35 -> -0.01 | AH35: =P35-'Set25'!P35 -> 0.03 | AI35: =R35-'Set25'!R35 -> -0.03 | AK35: =I35-'Set25'!I35 -> 21900000 | AL35: =I35/'Set25'!I35-1 -> 0.068566061
F36: =J36+L36+N36+P36+R36+T36 -> 1 | H36: TOTAL | I36: =SUM(I30:I35) -> 1.3504182e+09 | J36: =+K36/$I$36 -> 0.082581192 | K36: =SUM(K30:K35) -> 1.1151915e+08 | L36: =+M36/$I$36 -> 0.17070929 | M36: =SUM(M30:M35) -> 2.3052894e+08 | N36: =+O36/$I$36 -> 0.45902385 | O36: =SUM(O30:O35) -> 6.1987416e+08 | P36: =+Q36/$I$36 -> 0.1882076 | Q36: =SUM(Q30:Q35) -> 2.5415896e+08 | R36: =+S36/$I$36 -> 0.094498062 | S36: =SUM(S30:S35) -> 1.276119e+08 | T36: =+U36/$I$36 -> 0.0049800132 | U36: =SUM(U30:U35) -> 6725100.5 | Y36: =K36-'Set25'!K36 -> -1.1900475e+08 | Z36: =M36-'Set25'!M36 -> 22070807 | AA36: =O36-'Set25'!O36 -> -3532665.9 | AB36: =Q36-'Set25'!Q36 -> 22399014 | AC36: =+S36-'Set25'!S36 -> -966529.73 | AE36: =J36-'Set25'!J36 -> -0.077000578 | AF36: =L36-'Set25'!L36 -> 0.0264027 | AG36: =N36-'Set25'!N36 -> 0.027466128 | AH36: =P36-'Set25'!P36 -> 0.027770156 | AI36: =R36-'Set25'!R36 -> 0.0054887458 | AK36: =I36-'Set25'!I36 -> -94132080 | AL36: =I36/'Set25'!I36-1 -> -0.065163588

Sheet Set25
C2: LEGENDA: | H2: Fundo D+1 | I2: PL | J2: Caixa | L2: Bancários | N2: Corporativo | P2: FIDC | R2: FII | T2: Outros | W2: Obs: | Y2: Δ Caixa | Z2: Δ Bancários | AA2: Δ Corporativo | AB2: Δ FIDC | AC2: Δ FII | AE2: Δ Caixa | AF2: Δ Bancários | AG2: Δ Corporativo | AH2: Δ FIDC | AI2: Δ FII | AK2: Var. PL | AL2: % | AO2: LEGENDA:
B3: Bancário | C3: Corporativo | D3: Caixa | F3: =J3+L3+N3+P3+R3+T3 -> 1 | H3: Geraes | I3: 5.3233088e+08 | J3: 0.4365 | K3: =+J3*$I3 -> 2.3236243e+08 | L3: 0.3109 | M3: =+L3*$I3 -> 1.6550167e+08 | N3: 0.2121 | O3: =+N3*$I3 -> 1.1290738e+08 | P3: 0.0414 | Q3: =+P3*$I3 -> 22038498 | R3: 0 | S3: =+R3*$I3 -> 0 | T3: -0.0009 | U3: =+T3*$I3 -> -479097.79 | Y3: =K3-'Ago25'!K3 -> -27683881 | Z3: =M3-'Ago25'!M3 -> 25834016 | AA3: =O3-'Ago25'!O3 -> -8673423.1 | AB3: =Q3-'Ago25'!Q3 -> -2496234.4 | AC3: =+S3-'Ago25'!S3 -> 0 | AE3: =J3-'Ago25'!J3 -> -0.0394 | AF3: =L3-'Ago25'!L3 -> 0.0553 | AG3: =N3-'Ago25'!N3 -> -0.0104 | AH3: =P3-'Ago25'!P3 -> -0.0035 | AI3: =R3-'Ago25'!R3 -> 0 | AK3: =I3-'Ago25'!I3 -> -14099694 | AL3: =I3/'Ago25'!I3-1 -> -0.025803268 | AN3: Bancário: | AO3: Corporativo | AP3: Caixa
B4: CDB | C4: Debênture | D4: Compromissada | F4: =J4+L4+N4+P4+R4+T4 -> 1 | H4: ARX Denali | I4: 1744507514 | J4: 0.42 | K4: =+J4*$I4 -> 7.3269316e+08 | L4: 0.21 | M4: =+L4*$I4 -> 3.6634658e+08 | N4: 0.25 | O4: =+N4*$I4 -> 4.3612688e+08 | P4: 0.11 | Q4: =+P4*$I4 -> 1.9189583e+08 | R4: 0 | S4: =+R4*$I4 -> 0 | T4: 0.01 | U4: =+T4*$I4 -> 17445075 | Y4: =K4-'Ago25'!K4 -> 89766815 | Z4: =M4-'Ago25'!M4 -> -5873935.3 | AA4: =O4-'Ago25'!O4 -> -37608320 | AB4: =Q4-'Ago25'!Q4 -> -11133544 | AC4: =+S4-'Ago25'!S4 -> 0 | AE4: =J4-'Ago25'!J4 -> 0.04 | AF4: =L4-'Ago25'!L4 -> -0.01 | AG4: =N4-'Ago25'!N4 -> -0.03 | AH4: =P4-'Ago25'!P4 -> -0.01 | AI4: =R4-'Ago25'!R4 -> 0 | AK4: =I4-'Ago25'!I4 -> 52596090 | AL4: =I4/'Ago25'!I4-1 -> 0.031086787 | AN4: CDB | AO4: Debênture | AP4: Compromissada
B5: LF | C5: CRI | D5: Título Público | F5: =J5+L5+N5+P5+R5+T5 -> 1 | H5: Capitania Top | I5: 2.68359e+08 | J5: 0.54 | K5: =+J5*$I5 -> 1.4491386e+08 | L5: 0 | M5: =+L5*$I5 -> 0 | N5: 0.31 | O5: =+N5*$I5 -> 83191291 | P5: 0.04 | Q5: =+P5*$I5 -> 10734360 | R5: 0.11 | S5: =+R5*$I5 -> 29519490 | T5: 0 | U5: =+T5*$I5 -> 0 | Y5: =K5-'Ago25'!K5 -> 6052607 | Z5: =M5-'Ago25'!M5 -> 0 | AA5: =O5-'Ago25'!O5 -> -15995319 | AB5: =Q5-'Ago25'!Q5 -> 2232650.6 | AC5: =+S5-'Ago25'!S5 -> 1180458.8 | AE5: =J5-'Ago25'!J5 -> 0.05 | AF5: =L5-'Ago25'!L5 -> 0 | AG5: =N5-'Ago25'!N5 -> -0.04 | AH5: =P5-'Ago25'!P5 -> 0.01 | AI5: =R5-'Ago25'!R5 -> 0.01 | AK5: =I5-'Ago25'!I5 -> -15031312 | AL5: =I5/'Ago25'!I5-1 -> -0.053041024 | AN5: LF | AO5: CRI | AP5: Título Público
B6: LFSN | C6: CRA | F6: =J6+L6+N6+P6+R6+T6 -> 1 | H6: Riza Lotus | I6: 4661215340 | J6: 0.238 | K6: =+J6*$I6 -> 1.1093693e+09 | L6: 0.27 | M6: =+L6*$I6 -> 1.2585281e+09 | N6: 0.408 | O6: =+N6*$I6 -> 1.9017759e+09 | P6: 0.047 | Q6: =+P6*$I6 -> 2.1907712e+08 | R6: 0 | S6: =+R6*$I6 -> 0 | T6: 0.037 | U6: =+T6*$I6 -> 1.7246497e+08 | Y6: =K6-'Ago25'!K6 -> -2.1144628e+08 | Z6: =M6-'Ago25'!M6 -> 1.2223831e+08 | AA6: =O6-'Ago25'!O6 -> 37095107 | AB6: =Q6-'Ago25'!Q6 -> 73398937 | AC6: =+S6-'Ago25'!S6 -> -2.9135637e+08 | AE6: =J6-'Ago25'!J6 -> -0.034 | AF6: =L6-'Ago25'!L6 -> 0.036 | AG6: =N6-'Ago25'!N6 -> 0.024 | AH6: =P6-'Ago25'!P6 -> 0.017 | AI6: =R6-'Ago25'!R6 -> -0.06 | AK6: =I6-'Ago25'!I6 -> -1.9472412e+08 | AL6: =I6/'Ago25'!I6-1 -> -0.040100195 | AN6: LFSN | AO6: CRA
B7: LFSC | C7: Nota Promissória | F7: =J7+L7+N7+P7+R7+T7 -> 1 | H7: Western Asset Total | I7: 3067710000 | J7: 0.234 | K7: =+J7*$I7 -> 717844140 | L7: 0.321 | M7: =+L7*$I7 -> 984734910 | N7: 0.376 | O7: =+N7*$I7 -> 1153458960 | P7: 0.066 | Q7: =+P7*$I7 -> 202468860 | R7: 0 | S7: =+R7*$I7 -> 0 | T7: 0.003 | U7: =+T7*$I7 -> 9203130 | Y7: =K7-'Ago25'!K7 -> -38444209 | Z7: =M7-'Ago25'!M7 -> 43171101 | AA7: =O7-'Ago25'!O7 -> -6790636.4 | AB7: =Q7-'Ago25'!Q7 -> 38454519 | AC7: =+S7-'Ago25'!S7 -> 0 | AE7: =J7-'Ago25'!J7 -> -0.015 | AF7: =L7-'Ago25'!L7 -> 0.011 | AG7: =N7-'Ago25'!N7 -> -0.006 | AH7: =P7-'Ago25'!P7 -> 0.012 | AI7: =R7-'Ago25'!R7 -> 0 | AK7: =I7-'Ago25'!I7 -> 30407392 | AL7: =I7/'Ago25'!I7-1 -> 0.010011315 | AN7: LFSC | AO7: Nota Promissória
B8: DPGE | F8: =J8+L8+N8+P8+R8+T8 -> 1 | H8: Daycoval Classic | I8: 1.8911727e+08 | J8: 0.18 | K8: =+J8*$I8 -> 34041109 | L8: 0.39 | M8: =+L8*$I8 -> 73755736 | N8: 0.23 | O8: =+N8*$I8 -> 43496973 | P8: 0.08 | Q8: =+P8*$I8 -> 15129382 | R8: 0 | S8: =+R8*$I8 -> 0 | T8: 0.12 | U8: =+T8*$I8 -> 22694073 | Y8: =K8-'Ago25'!K8 -> 5194981.1 | Z8: =M8-'Ago25'!M8 -> 10654831 | AA8: =O8-'Ago25'!O8 -> -14195283 | AB8: =Q8-'Ago25'!Q8 -> -1096565.2 | AC8: =+S8-'Ago25'!S8 -> 0 | AE8: =J8-'Ago25'!J8 -> 0.02 | AF8: =L8-'Ago25'!L8 -> 0.04 | AG8: =N8-'Ago25'!N8 -> -0.09 | AH8: =P8-'Ago25'!P8 -> -0.01 | AI8: =R8-'Ago25'!R8 -> 0 | AK8: =I8-'Ago25'!I8 -> 8828973 | AL8: =I8/'Ago25'!I8-1 -> 0.048971414 | AN8: DPGE
F9: =J9+L9+N9+P9+R9+T9 -> 1 | H9: Iridium Apollo | I9: 1572374272 | J9: 0.6189 | K9: =+J9*$I9 -> 9.7314244e+08 | L9: 0.1423 | M9: =+L9*$I9 -> 2.2374886e+08 | N9: 0.1919 | O9: =+N9*$I9 -> 3.0173862e+08 | P9: 0.0443 | Q9: =+P9*$I9 -> 69656180 | R9: 0 | S9: =+R9*$I9 -> 0 | T9: 0.0026 | U9: =+T9*$I9 -> 4088173.1 | Y9: =K9-'Ago25'!K9 -> 19151055 | Z9: =M9-'Ago25'!M9 -> 3715362.7 | AA9: =O9-'Ago25'!O9 -> -1384445.4 | AB9: =Q9-'Ago25'!Q9 -> 12724436 | AC9: =+S9-'Ago25'!S9 -> 0 | AE9: =J9-'Ago25'!J9 -> -0.0011 | AF9: =L9-'Ago25'!L9 -> -0.0007 | AG9: =N9-'Ago25'!N9 -> -0.0051 | AH9: =P9-'Ago25'!P9 -> 0.0073 | AI9: =R9-'Ago25'!R9 -> 0 | AK9: =I9-'Ago25'!I9 -> 33678495 | AL9: =I9/'Ago25'!I9-1 -> 0.021887689
F10: =J10+L10+N10+P10+R10+T10 -> 1 | H10: Porto Seguro FIRF | I10: 8034119493 | J10: 0.355 | K10: =+J10*$I10 -> 2.8521124e+09 | L10: 0.418 | M10: =+L10*$I10 -> 3.3582619e+09 | N10: 0.191 | O10: =+N10*$I10 -> 1.5345168e+09 | P10: 0.036 | Q10: =+P10*$I10 -> 2.892283e+08 | R10: 0 | S10: =+R10*$I10 -> 0 | T10: 0 | U10: =+T10*$I10 -> 0 | Y10: =K10-'Ago25'!K10 -> 3.224799e+08 | Z10: =M10-'Ago25'!M10 -> -43386751 | AA10: =O10-'Ago25'!O10 -> -1.0738751e+08 | AB10: =Q10-'Ago25'!Q10 -> 6412243.7 | AC10: =+S10-'Ago25'!S10 -> 0 | AE10: =J10-'Ago25'!J10 -> 0.033 | AF10: =L10-'Ago25'!L10 -> -0.015 | AG10: =N10-'Ago25'!N10 -> -0.018 | AH10: =P10-'Ago25'!P10 -> 0 | AI10: =R10-'Ago25'!R10 -> 0 | AK10: =I10-'Ago25'!I10 -> 1.7811788e+08 | AL10: =I10/'Ago25'!I10-1 -> 0.022672842
F11: =J11+L11+N11+P11+R11+T11 -> 1 | H11: Nu Reserva Imediata | I11: 3.0863691e+09 | J11: 0.63 | K11: =+J11*$I11 -> 1.9444125e+09 | L11: 0.23 | M11: =+L11*$I11 -> 7.0986489e+08 | N11: 0.14 | O11: =+N11*$I11 -> 4.3209167e+08 | P11: 0 | Q11: =+P11*$I11 -> 0 | R11: 0 | S11: =+R11*$I11 -> 0 | T11: 0 | U11: =+T11*$I11 -> 0 | Y11: =K11-'Ago25'!K11 -> -27799058 | Z11: =M11-'Ago25'!M11 -> 21156083 | AA11: =O11-'Ago25'!O11 -> -6177568.5 | AB11: =Q11-'Ago25'!Q11 -> 0 | AC11: =+S11-'Ago25'!S11 -> 0 | AE11: =J11-'Ago25'!J11 -> 0 | AF11: =L11-'Ago25'!L11 -> 0.01 | AG11: =N11-'Ago25'!N11 -> 0 | AH11: =P11-'Ago25'!P11 -> 0 | AI11: =R11-'Ago25'!R11 -> 0 | AK11: =I11-'Ago25'!I11 -> -44125490 | AL11: =I11/'Ago25'!I11-1 -> -0.014095373
B12: Pegar fora da XP: | F12: =J12+L12+N12+P12+R12+T12 -> 1 | H12: Inter Conservador | I12: 1460320000 | J12: 0.25 | K12: =+J12*$I12 -> 365080000 | L12: 0.43 | M12: =+L12*$I12 -> 6.279376e+08 | N12: 0.296 | O12: =+N12*$I12 -> 432254720 | P12: 0.025 | Q12: =+P12*$I12 -> 36508000 | R12: 0 | S12: =+R12*$I12 -> 0 | T12: -0.001 | U12: =+T12*$I12 -> -1460320 | Y12: =K12-'Ago25'!K12 -> 60741834 | Z12: =M12-'Ago25'!M12 -> 30228408 | AA12: =O12-'Ago25'!O12 -> -947354.69 | AB12: =Q12-'Ago25'!Q12 -> 864791.32 | AC12: =+S12-'Ago25'!S12 -> 0 | AE12: =J12-'Ago25'!J12 -> 0.028 | AF12: =L12-'Ago25'!L12 -> -0.006 | AG12: =N12-'Ago25'!N12 -> -0.02 | AH12: =P12-'Ago25'!P12 -> -0.001 | AI12: =R12-'Ago25'!R12 -> 0 | AK12: =I12-'Ago25'!I12 -> 89427359 | AL12: =I12/'Ago25'!I12-1 -> 0.065232941
B13: NU Reserva Imediata | F13: =J13+L13+N13+P13+R13+T13 -> 1 | H13: Absolute Atenas | I13: 1284400000 | J13: 0.46 | K13: =+J13*$I13 -> 590824000 | L13: 0.29 | M13: =+L13*$I13 -> 372476000 | N13: 0.2 | O13: =+N13*$I13 -> 256880000 | P13: 0.05 | Q13: =+P13*$I13 -> 64220000 | R13: 0 | S13: =+R13*$I13 -> 0 | T13: 0 | U13: =+T13*$I13 -> 0 | Y13: =K13-'Ago25'!K13 -> -68428178 | Z13: =M13-'Ago25'!M13 -> 29664867 | AA13: =O13-'Ago25'!O13 -> -6820871.3 | AB13: =Q13-'Ago25'!Q13 -> -1705217.8 | AC13: =+S13-'Ago25'!S13 -> 0 | AE13: =J13-'Ago25'!J13 -> -0.04 | AF13: =L13-'Ago25'!L13 -> 0.03 | AG13: =N13-'Ago25'!N13 -> 0 | AH13: =P13-'Ago25'!P13 -> 0 | AI13: =R13-'Ago25'!R13 -> 0 | AK13: =I13-'Ago25'!I13 -> -34104356 | AL13: =I13/'Ago25'!I13-1 -> -0.025865941
B14: JGP Select | F14: =J14+L14+N14+P14+R14+T14 -> 1 | H14: TOTAL | I14: =SUM(I3:I13) -> 2.5900823e+10 | J14: =K14/$I$14 -> 0.37438175 | K14: =SUM(K3:K13) -> 9.6967953e+09 | L14: =M14/$I$14 -> 0.31432037 | M14: =SUM(M3:M13) -> 8.1411563e+09 | N14: =O14/$I$14 -> 0.25823269 | O14: =SUM(O3:O13) -> 6.6884392e+09 | P14: =Q14/$I$14 -> 0.0432788 | Q14: =SUM(Q3:Q13) -> 1.1209565e+09 | R14: =S14/$I$14 -> 0.0011397124 | S14: =SUM(S3:S13) -> 29519490 | T14: =U14/$I$14 -> 0.0086466751 | U14: =SUM(U3:U13) -> 2.23956e+08 | Y14: =K14-'Ago25'!K14 -> 1.2958558e+08 | Z14: =M14-'Ago25'!M14 -> 2.3740229e+08 | AA14: =O14-'Ago25'!O14 -> -1.6888563e+08 | AB14: =Q14-'Ago25'!Q14 -> 1.1765602e+08 | AC14: =+S14-'Ago25'!S14 -> -2.9017591e+08 | AE14: =J14-'Ago25'!J14 -> 0.0037012076 | AF14: =L14-'Ago25'!L14 -> 0.0080902513 | AG14: =N14-'Ago25'!N14 -> -0.0074536411 | AH14: =P14-'Ago25'!P14 -> 0.0044060266 | AI14: =R14-'Ago25'!R14 -> -0.011246852 | AK14: =I14-'Ago25'!I14 -> 90971218 | AL14: =I14/'Ago25'!I14-1 -> 0.0035246703
B15: Absolute Olimpia
H16: Fundo D+30 | I16: PL | J16: Caixa | L16: Bancários | N16: Corporativo | P16: FIDC | R16: FII | T16: Outros | Y16: Δ Caixa | Z16: Δ Bancários | AA16: Δ Corporativo | AB16: Δ FIDC | AC16: Δ FII | AE16: Δ Caixa | AF16: Δ Bancários | AG16: Δ Corporativo | AH16: Δ FIDC | AI16: Δ FII
F17: =J17+L17+N17+P17+R17+T17 -> 1 | H17: Geraes 30 | I17: 3.2783335e+08 | J17: 0.3158 | K17: 1.0352977e+08 | L17: 0.266 | M17: 87203672 | N17: 0.3007 | O17: 98579490 | P17: 0.0564 | Q17: 18489801 | R17: 0 | S17: 0 | T17: 0.0611 | U17: =+T17*$I17 -> 20030618 | Y17: =K17-'Ago25'!K17 -> -11500505 | Z17: =M17-'Ago25'!M17 -> 5367845.7 | AA17: =O17-'Ago25'!O17 -> 3926003.6 | AB17: =Q17-'Ago25'!Q17 -> 84956.665 | AC17: =+S17-'Ago25'!S17 -> 0 | AE17: =J17-'Ago25'!J17 -> -0.0342 | AF17: =L17-'Ago25'!L17 -> 0.017 | AG17: =N17-'Ago25'!N17 -> 0.0127 | AH17: =P17-'Ago25'!P17 -> 0.0004 | AI17: =R17-'Ago25'!R17 -> 0 | AK17: =I17-'Ago25'!I17 -> -824583.51 | AL17: =I17/'Ago25'!I17-1 -> -0.0025089414
F18: =J18+L18+N18+P18+R18+T18 -> 1 | H18: Daycoval Classic 30 | I18: 8.5600515e+08 | J18: 0.08 | K18: 68480412 | L18: 0.22 | M18: 1.8832113e+08 | N18: 0.39 | O18: 3.3384201e+08 | P18: 0.17 | Q18: 1.4552087e+08 | R18: 0 | S18: 0 | T18: 0.14 | U18: =+T18*$I18 -> 1.1984072e+08 | Y18: =K18-'Ago25'!K18 -> -18117251 | Z18: =M18-'Ago25'!M18 -> 23785574 | AA18: =O18-'Ago25'!O18 -> -55847474 | AB18: =Q18-'Ago25'!Q18 -> 6964615 | AC18: =+S18-'Ago25'!S18 -> 0 | AE18: =J18-'Ago25'!J18 -> -0.02 | AF18: =L18-'Ago25'!L18 -> 0.03 | AG18: =N18-'Ago25'!N18 -> -0.06 | AH18: =P18-'Ago25'!P18 -> 0.01 | AI18: =R18-'Ago25'!R18 -> 0 | AK18: =I18-'Ago25'!I18 -> -9971477.8 | AL18: =I18/'Ago25'!I18-1 -> -0.011514719
F19: =J19+L19+N19+P19+R19+T19 -> 1 | H19: Riza Lotus Plus | I19: 694519920 | J19: 0.127 | K19: 88204030 | L19: 0.287 | M19: 1.9932722e+08 | N19: 0.512 | O19: 3.555942e+08 | P19: 0.057 | Q19: 39587635 | R19: 0 | S19: 0 | T19: 0.017 | U19: =+T19*$I19 -> 11806839 | Y19: =K19-'Ago25'!K19 -> 48042470 | Z19: =M19-'Ago25'!M19 -> -6500779.3 | AA19: =O19-'Ago25'!O19 -> -46738574 | AB19: =Q19-'Ago25'!Q19 -> 3011928.8 | AC19: =+S19-'Ago25'!S19 -> 0 | AE19: =J19-'Ago25'!J19 -> 0.071 | AF19: =L19-'Ago25'!L19 -> 0 | AG19: =N19-'Ago25'!N19 -> -0.049 | AH19: =P19-'Ago25'!P19 -> 0.006 | AI19: =R19-'Ago25'!R19 -> 0 | AK19: =I19-'Ago25'!I19 -> -22650799 | AL19: =I19/'Ago25'!I19-1 -> -0.031583552
C20: LEGENDA: | F20: =J20+L20+N20+P20+R20+T20 -> 1 | H20: ARX Vinson Advisory | I20: 1287804820 | J20: 0.257 | K20: 3.3096584e+08 | L20: 0.3 | M20: 386341446 | N20: 0.283 | O20: 3.6444876e+08 | P20: 0.16 | Q20: 2.0604877e+08 | R20: 0 | S20: 0 | T20: 0 | U20: =+T20*$I20 -> 0 | Y20: =K20-'Ago25'!K20 -> 51151219 | Z20: =M20-'Ago25'!M20 -> 4776055 | AA20: =O20-'Ago25'!O20 -> -29835473 | AB20: =Q20-'Ago25'!Q20 -> -10171617 | AC20: =+S20-'Ago25'!S20 -> 0 | AE20: =J20-'Ago25'!J20 -> 0.037 | AF20: =L20-'Ago25'!L20 -> 0 | AG20: =N20-'Ago25'!N20 -> -0.027 | AH20: =P20-'Ago25'!P20 -> -0.01 | AI20: =R20-'Ago25'!R20 -> 0 | AK20: =I20-'Ago25'!I20 -> 15920183 | AL20: =I20/'Ago25'!I20-1 -> 0.012517003
B21: Bancário: | C21: Corporativo | D21: Caixa | F21: =J21+L21+N21+P21+R21+T21 -> 1 | H21: Sparta Max Advisory | I21: 181100000 | J21: 0.28 | K21: 50708000 | L21: 0.14 | M21: 25354000 | N21: 0.47 | O21: 85117000 | P21: 0.11 | Q21: 19921000 | R21: 0 | S21: 0 | T21: 0 | U21: =+T21*$I21 -> 0 | Y21: =K21-'Ago25'!K21 -> 24004459 | Z21: =M21-'Ago25'!M21 -> -24238290 | AA21: =O21-'Ago25'!O21 -> -10252789 | AB21: =Q21-'Ago25'!Q21 -> -1060353.6 | AC21: =+S21-'Ago25'!S21 -> 0 | AE21: =J21-'Ago25'!J21 -> 0.14 | AF21: =L21-'Ago25'!L21 -> -0.12 | AG21: =N21-'Ago25'!N21 -> -0.03 | AH21: =P21-'Ago25'!P21 -> 0 | AI21: =R21-'Ago25'!R21 -> 0 | AK21: =I21-'Ago25'!I21 -> -9639578.4 | AL21: =I21/'Ago25'!I21-1 -> -0.050537903
B22: CDB | C22: Debênture | D22: Compromissada | F22: =J22+L22+N22+P22+R22+T22 -> 1 | H22: Polo Crédito Corporativo | I22: 1284400000 | J22: 0.22 | K22: 282568000 | L22: 0.25 | M22: 321100000 | N22: 0.5 | O22: 642200000 | P22: 0.03 | Q22: 38532000 | R22: 0 | S22: 0 | T22: 0 | U22: =+T22*$I22 -> 0 | Y22: =K22-'Ago25'!K22 -> -6852878.6 | Z22: =M22-'Ago25'!M22 -> -7787362 | AA22: =O22-'Ago25'!O22 -> -15574724 | AB22: =Q22-'Ago25'!Q22 -> -934483.44 | AC22: =+S22-'Ago25'!S22 -> 0 | AE22: =J22-'Ago25'!J22 -> 0 | AF22: =L22-'Ago25'!L22 -> 0 | AG22: =N22-'Ago25'!N22 -> 0 | AH22: =P22-'Ago25'!P22 -> 0 | AI22: =R22-'Ago25'!R22 -> 0 | AK22: =I22-'Ago25'!I22 -> -31149448 | AL22: =I22/'Ago25'!I22-1 -> -0.0236779
B23: LF | C23: CRI | D23: Título Público | F23: =J23+L23+N23+P23+R23+T23 -> 1 | H23: Iridium Titan Advisory | I23: 225482317 | J23: 0.5442 | K23: 1.2270748e+08 | L23: 0.1172 | M23: 26426528 | N23: 0.2577 | O23: 58106793 | P23: 0.0736 | Q23: 16595499 | R23: 0 | S23: 0 | T23: 0.0073 | U23: =+T23*$I23 -> 1646020.9 | Y23: =K23-'Ago25'!K23 -> -2918209.1 | Z23: =M23-'Ago25'!M23 -> 3412.7788 | AA23: =O23-'Ago25'!O23 -> -1924669.4 | AB23: =Q23-'Ago25'!Q23 -> -1019911.3 | AC23: =+S23-'Ago25'!S23 -> 0 | AE23: =J23-'Ago25'!J23 -> 0.0022 | AF23: =L23-'Ago25'!L23 -> 0.0032 | AG23: =N23-'Ago25'!N23 -> -0.0013 | AH23: =P23-'Ago25'!P23 -> -0.0024 | AI23: =R23-'Ago25'!R23 -> 0 | AK23: =I23-'Ago25'!I23 -> -6299391.5 | AL23: =I23/'Ago25'!I23-1 -> -0.027178122
B24: LFSN | C24: CRA | F24: =J24+L24+N24+P24+R24+T24 -> 1 | H24: Porto Seguro Ipê | I24: 5.2535564e+08 | J24: 0.195 | K24: 1.0244435e+08 | L24: 0.413 | M24: 2.1697188e+08 | N24: 0.311 | O24: 1.633856e+08 | P24: 0.081 | Q24: 42553807 | R24: 0 | S24: 0 | T24: 0 | U24: =+T24*$I24 -> 0 | Y24: =K24-'Ago25'!K24 -> 27710531 | Z24: =M24-'Ago25'!M24 -> 2734931.4 | AA24: =O24-'Ago25'!O24 -> -4018150.6 | AB24: =Q24-'Ago25'!Q24 -> 702868.17 | AC24: =+S24-'Ago25'!S24 -> 0 | AE24: =J24-'Ago25'!J24 -> 0.045 | AF24: =L24-'Ago25'!L24 -> -0.017 | AG24: =N24-'Ago25'!N24 -> -0.025 | AH24: =P24-'Ago25'!P24 -> -0.003 | AI24: =R24-'Ago25'!R24 -> 0 | AK24: =I24-'Ago25'!I24 -> 27130180 | AL24: =I24/'Ago25'!I24-1 -> 0.05445362
B25: LFSC | C25: Nota Promissória | F25: =J25+L25+N25+P25+R25+T25 -> 1 | H25: Sparta Top Advisory | I25: 737800000 | J25: 0.27 | K25: 199206000 | L25: 0.23 | M25: 169694000 | N25: 0.42 | O25: 309876000 | P25: 0.08 | Q25: 59024000 | R25: 0 | S25: 0 | T25: 0 | U25: =+T25*$I25 -> 0 | Y25: =K25-'Ago25'!K25 -> 17131170 | Z25: =M25-'Ago25'!M25 -> -4794379.1 | AA25: =O25-'Ago25'!O25 -> -31514307 | AB25: =Q25-'Ago25'!Q25 -> -1667610.1 | AC25: =+S25-'Ago25'!S25 -> 0 | AE25: =J25-'Ago25'!J25 -> 0.03 | AF25: =L25-'Ago25'!L25 -> 0 | AG25: =N25-'Ago25'!N25 -> -0.03 | AH25: =P25-'Ago25'!P25 -> 0 | AI25: =R25-'Ago25'!R25 -> 0 | AK25: =I25-'Ago25'!I25 -> -20845126 | AL25: =I25/'Ago25'!I25-1 -> -0.027476781
B26: DPGE | F26: =J26+L26+N26+P26+R26+T26 -> 1 | H26: Absolute Creta | I26: 2006400000 | J26: 0.32 | K26: 642048000 | L26: 0.18 | M26: 361152000 | N26: 0.42 | O26: 842688000 | P26: 0.08 | Q26: 160512000 | R26: 0 | S26: 0 | T26: 0 | U26: =+T26*$I26 -> 0 | Y26: =K26-'Ago25'!K26 -> 1.1369655e+08 | Z26: =M26-'Ago25'!M26 -> 14990703 | AA26: =O26-'Ago25'!O26 -> 41051311 | AB26: =Q26-'Ago25'!Q26 -> 14759875 | AC26: =+S26-'Ago25'!S26 -> 0 | AE26: =J26-'Ago25'!J26 -> 0.03 | AF26: =L26-'Ago25'!L26 -> -0.01 | AG26: =N26-'Ago25'!N26 -> -0.02 | AH26: =P26-'Ago25'!P26 -> 0 | AI26: =R26-'Ago25'!R26 -> 0 | AK26: =I26-'Ago25'!I26 -> 1.8449843e+08 | AL26: =I26/'Ago25'!I26-1 -> 0.10126696
F27: =J27+L27+N27+P27+R27+T27 -> 1 | H27: TOTAL | I27: =SUM(I17:I26) -> 8.1267012e+09 | J27: =K27/$I$27 -> 0.24497786 | K27: =SUM(K17:K26) -> 1.9908619e+09 | L27: =M27/$I$27 -> 0.24387409 | M27: =SUM(M17:M26) -> 1.9818919e+09 | N27: =O27/$I$27 -> 0.40038852 | O27: =SUM(O17:O26) -> 3.2538379e+09 | P27: =Q27/$I$27 -> 0.091892807 | Q27: =SUM(Q17:Q26) -> 7.4678539e+08 | R27: =S27/$I$27 -> 0 | S27: =SUM(S17:S26) -> 0 | T27: =U27/$I$27 -> 0.01886672 | U27: =SUM(U17:U26) -> 1.533242e+08 | Y27: =K27-'Ago25'!K27 -> 2.4234755e+08 | Z27: =M27-'Ago25'!M27 -> 8337710.4 | AA27: =O27-'Ago25'!O27 -> -1.5072885e+08 | AB27: =Q27-'Ago25'!Q27 -> 10670268 | AC27: =+S27-'Ago25'!S27 -> 0 | AE27: =J27-'Ago25'!J27 -> 0.026428126 | AF27: =L27-'Ago25'!L27 -> -0.0028037498 | AG27: =N27-'Ago25'!N27 -> -0.025153978 | AH27: =P27-'Ago25'!P27 -> -0.00011545481 | AI27: =R27-'Ago25'!R27 -> 0 | AK27: =I27-'Ago25'!I27 -> 1.2616839e+08 | AL27: =I27/'Ago25'!I27-1 -> 0.015769999
H29: Fundo D+60 | I29: PL | J29: Caixa | L29: Bancários | N29: Corporativo | P29: FIDC | R29: Bonds | T29: Outros | Y29: Δ Caixa | Z29: Δ Bancários | AA29: Δ Corporativo | AB29: Δ FIDC | AC29: Δ Bonds | AE29: Δ Caixa | AF29: Δ Bancários | AG29: Δ Corporativo | AH29: Δ FIDC | AI29: Δ Bonds
F30: =J30+L30+N30+P30+R30+T30 -> 1 | H30: Horizonte | I30: 3.3606667e+08 | J30: 0.3429 | K30: 1.1523726e+08 | L30: 0.1839 | M30: 61802660 | N30: 0.3345 | O30: 1.124143e+08 | P30: 0.0837 | Q30: 28128780 | R30: 0.034 | S30: 11426267 | T30: 0.021 | U30: =+T30*$I30 -> 7057400 | Y30: =K30-'Ago25'!K30 -> 20693855 | Z30: =M30-'Ago25'!M30 -> 14530957 | AA30: =O30-'Ago25'!O30 -> 23543499 | AB30: =Q30-'Ago25'!Q30 -> 5168238.7 | AC30: =+S30-'Ago25'!S30 -> 3592670.2 | AE30: =J30-'Ago25'!J30 -> -0.0071 | AF30: =L30-'Ago25'!L30 -> 0.0089 | AG30: =N30-'Ago25'!N30 -> 0.0055 | AH30: =P30-'Ago25'!P30 -> -0.0013 | AI30: =R30-'Ago25'!R30 -> 0.005 | AK30: =I30-'Ago25'!I30 -> 65942651 | AL30: =I30/'Ago25'!I30-1 -> 0.24411991
F31: =J31+L31+N31+P31+R31+T31 -> 0 | H31: BTG PACTUAL CRED PLUS | K31: 0 | M31: 0 | O31: 0 | Q31: 0 | S31: 0 | U31: =+T31*$I31 -> 0 | Y31: =K31-'Ago25'!K31 -> 0 | Z31: =M31-'Ago25'!M31 -> 0 | AA31: =O31-'Ago25'!O31 -> 0 | AB31: =Q31-'Ago25'!Q31 -> 0 | AC31: =+S31-'Ago25'!S31 -> 0 | AE31: =J31-'Ago25'!J31 -> 0 | AF31: =L31-'Ago25'!L31 -> 0 | AG31: =N31-'Ago25'!N31 -> 0 | AH31: =P31-'Ago25'!P31 -> 0 | AI31: =R31-'Ago25'!R31 -> 0 | AK31: =I31-'Ago25'!I31 -> 0 | AL31: =I31/'Ago25'!I31-1 -> #DIV/0!
F32: =J32+L32+N32+P32+R32+T32 -> 1 | H32: JGP Select | I32: 238165684 | J32: 0.06 | K32: 14289941 | L32: 0.12 | M32: 28579882 | N32: 0.53 | O32: 1.2622781e+08 | P32: 0.06 | Q32: 14289941 | R32: 0.17 | S32: 40488166 | T32: 0.06 | U32: =+T32*$I32 -> 14289941 | Y32: =K32-'Ago25'!K32 -> 7595745.7 | Z32: =M32-'Ago25'!M32 -> -2659696.1 | AA32: =O32-'Ago25'!O32 -> 7963695.2 | AB32: =Q32-'Ago25'!Q32 -> 901550.4 | AC32: =+S32-'Ago25'!S32 -> 4785791.2 | AE32: =J32-'Ago25'!J32 -> 0.03 | AF32: =L32-'Ago25'!L32 -> -0.02 | AG32: =N32-'Ago25'!N32 -> 0 | AH32: =P32-'Ago25'!P32 -> 0 | AI32: =R32-'Ago25'!R32 -> 0.01 | AK32: =I32-'Ago25'!I32 -> 15025840 | AL32: =I32/'Ago25'!I32-1 -> 0.06733822
F33: =J33+L33+N33+P33+R33+T33 -> 1 | H33: ARX Everest Advisory | I33: 475717938 | J33: 0.189 | K33: 89910690 | L33: 0.2 | M33: 95143588 | N33: 0.43 | O33: 2.0455871e+08 | P33: 0.18 | Q33: 85629229 | R33: 0 | S33: 0 | T33: 0.001 | U33: =+T33*$I33 -> 475717.94 | Y33: =K33-'Ago25'!K33 -> 14880154 | Z33: =M33-'Ago25'!M33 -> 10734235 | AA33: =O33-'Ago25'!O33 -> -15843486 | AB33: =Q33-'Ago25'!Q33 -> 1219875.8 | AC33: =+S33-'Ago25'!S33 -> 0 | AE33: =J33-'Ago25'!J33 -> 0.029 | AF33: =L33-'Ago25'!L33 -> 0.02 | AG33: =N33-'Ago25'!N33 -> -0.04 | AH33: =P33-'Ago25'!P33 -> 0 | AI33: =R33-'Ago25'!R33 -> 0 | AK33: =I33-'Ago25'!I33 -> 6777088 | AL33: =I33/'Ago25'!I33-1 -> 0.014451904
F34: =J34+L34+N34+P34+R34+T34 -> 1 | H34: Polo Total | I34: 75200000 | J34: 0.02 | K34: 1504000 | L34: 0.22 | M34: 16544000 | N34: 0.57 | O34: 42864000 | P34: 0.02 | Q34: 1504000 | R34: 0.17 | S34: 12784000 | T34: 0 | U34: =+T34*$I34 -> 0 | Y34: =K34-'Ago25'!K34 -> -4506354.5 | Z34: =M34-'Ago25'!M34 -> 2269408 | AA34: =O34-'Ago25'!O34 -> 40224.028 | AB34: =Q34-'Ago25'!Q34 -> -749882.95 | AC34: =+S34-'Ago25'!S34 -> 3017173.9 | AE34: =J34-'Ago25'!J34 -> -0.06 | AF34: =L34-'Ago25'!L34 -> 0.03 | AG34: =N34-'Ago25'!N34 -> 0 | AH34: =P34-'Ago25'!P34 -> -0.01 | AI34: =R34-'Ago25'!R34 -> 0.04 | AK34: =I34-'Ago25'!I34 -> 70568.47 | AL34: =I34/'Ago25'!I34-1 -> 0.00093929195
F35: =J35+L35+N35+P35+R35+T35 -> 1 | H35: Absolute Olimpia | I35: 319400000 | J35: 0.03 | K35: 9582000 | L35: 0.02 | M35: 6388000 | N35: 0.43 | O35: 137342000 | P35: 0.32 | Q35: 102208000 | R35: 0.2 | S35: 63880000 | T35: 0 | U35: =+T35*$I35 -> 0 | Y35: =K35-'Ago25'!K35 -> -3150000 | Z35: =M35-'Ago25'!M35 -> 22000 | AA35: =O35-'Ago25'!O35 -> -5893000 | AB35: =Q35-'Ago25'!Q35 -> 6718000 | AC35: =+S35-'Ago25'!S35 -> 220000 | AE35: =J35-'Ago25'!J35 -> -0.01 | AF35: =L35-'Ago25'!L35 -> 0 | AG35: =N35-'Ago25'!N35 -> -0.02 | AH35: =P35-'Ago25'!P35 -> 0.02 | AI35: =R35-'Ago25'!R35 -> 0 | AK35: =I35-'Ago25'!I35 -> 1100000 | AL35: =I35/'Ago25'!I35-1 -> 0.0034558593
F36: =J36+L36+N36+P36+R36+T36 -> 1 | H36: TOTAL | I36: =SUM(I30:I35) -> 1.4445503e+09 | J36: =+K36/$I$36 -> 0.15958177 | K36: =SUM(K30:K35) -> 2.3052389e+08 | L36: =+M36/$I$36 -> 0.14430659 | M36: =SUM(M30:M35) -> 2.0845813e+08 | N36: =+O36/$I$36 -> 0.43155772 | O36: =SUM(O30:O35) -> 6.2340683e+08 | P36: =+Q36/$I$36 -> 0.16043744 | Q36: =SUM(Q30:Q35) -> 2.3175995e+08 | R36: =+S36/$I$36 -> 0.089009316 | S36: =SUM(S30:S35) -> 1.2857843e+08 | T36: =+U36/$I$36 -> 0.015107165 | U36: =SUM(U30:U35) -> 21823059 | Y36: =K36-'Ago25'!K36 -> 35513400 | Z36: =M36-'Ago25'!M36 -> 24896904 | AA36: =O36-'Ago25'!O36 -> 9810932 | AB36: =Q36-'Ago25'!Q36 -> 13257782 | AC36: =+S36-'Ago25'!S36 -> 11615635 | AE36: =J36-'Ago25'!J36 -> 0.015729911 | AF36: =L36-'Ago25'!L36 -> 0.0089004232 | AG36: =N36-'Ago25'!N36 -> -0.021068751 | AH36: =P36-'Ago25'!P36 -> -0.00074334002 | AI36: =R36-'Ago25'!R36 -> 0.0027302867 | AK36: =I36-'Ago25'!I36 -> 88916148 | AL36: =I36/'Ago25'!I36-1 -> 0.065590077

Sheet Ago25
